Type I_index Init_J Init_S Init_K Init_mF Init_XI F_index Final_J Final_S Final_K Final_mF Final_XI Rabi_Rate_Real Rabi_Rate_Imag
sigma+ 211 4 1 +4.0 +2.5 2 210 4 1 +4.0 +3.5 2 -5.10697597e-24 5.72055924e-06
sigma+ 293 4 -1 +4.0 +2.5 2 292 4 -1 +4.0 +3.5 2 5.72055924e-06 2.14450516e-23
sigma+ 283 4 -1 +4.0 +3.5 1 282 4 -1 +4.0 +4.5 1 -2.11631600e-23 -5.55017935e-06
sigma+ 201 4 1 +4.0 +3.5 1 200 4 1 +4.0 +4.5 1 -5.55017934e-06 4.56260117e-24
sigma+ 299 4 -1 +4.0 -3.5 2 298 4 -1 +4.0 -2.5 2 4.28489829e-24 5.55015224e-06
sigma+ 217 4 1 +4.0 -3.5 2 216 4 1 +4.0 -2.5 2 5.55015223e-06 1.32272577e-24
sigma+ 202 4 1 +4.0 +2.5 1 201 4 1 +4.0 +3.5 1 -7.28484233e-24 5.50108850e-06
sigma+ 284 4 -1 +4.0 +2.5 1 283 4 -1 +4.0 +3.5 1 5.50108850e-06 1.84630127e-23
sigma+ 48 3 1 +3.0 +4.5 1 232 4 1 +3.0 +5.5 1 5.43605054e-06 0.00000000e+00
sigma+ 172 3 -1 +3.0 +4.5 1 336 4 -1 +3.0 +5.5 1 5.43605054e-06 0.00000000e+00
sigma+ 243 4 1 +3.0 -5.5 1 57 3 1 +3.0 -4.5 1 -5.43605054e-06 0.00000000e+00
sigma+ 347 4 -1 +3.0 -5.5 1 181 3 -1 +3.0 -4.5 1 -5.43605054e-06 0.00000000e+00
sigma+ 290 4 -1 +4.0 -3.5 1 289 4 -1 +4.0 -2.5 1 1.71469927e-23 5.35102481e-06
sigma+ 208 4 1 +4.0 -3.5 1 207 4 1 +4.0 -2.5 1 5.35102480e-06 -1.17405581e-23
sigma+ 209 4 1 +4.0 -4.5 1 208 4 1 +4.0 -3.5 1 -5.27284201e-06 -2.86439537e-23
sigma+ 291 4 -1 +4.0 -4.5 1 290 4 -1 +4.0 -3.5 1 4.02113128e-23 -5.27284200e-06
sigma+ 212 4 1 +4.0 +1.5 2 211 4 1 +4.0 +2.5 2 -5.09096815e-06 1.20114358e-23
sigma+ 294 4 -1 +4.0 +1.5 2 293 4 -1 +4.0 +2.5 2 -1.79106390e-23 -5.09096814e-06
sigma+ 18 2 1 +2.0 +2.5 1 86 3 1 +2.0 +3.5 1 5.01279362e-06 -1.57193440e-23
sigma+ 76 2 -1 +2.0 +2.5 1 218 3 -1 +2.0 +3.5 1 -1.86411122e-23 -5.01279362e-06
sigma+ 93 3 1 +2.0 -3.5 1 23 2 1 +2.0 -2.5 1 -2.05498417e-23 5.01279362e-06
sigma+ 225 3 -1 +2.0 -3.5 1 81 2 -1 +2.0 -2.5 1 -1.93237807e-23 5.01279362e-06
sigma+ 86 3 1 +2.0 +3.5 1 300 4 1 +2.0 +4.5 1 -4.74497392e-06 -2.28699186e-23
sigma+ 218 3 -1 +2.0 +3.5 1 372 4 -1 +2.0 +4.5 1 4.74497392e-06 1.41815620e-23
sigma+ 381 4 -1 +2.0 -4.5 1 225 3 -1 +2.0 -3.5 1 -2.58836672e-23 -4.74497392e-06
sigma+ 309 4 1 +2.0 -4.5 1 93 3 1 +2.0 -3.5 1 -4.74497392e-06 3.02051866e-24
sigma+ 216 4 1 +4.0 -2.5 2 215 4 1 +4.0 -1.5 2 7.21974142e-24 4.73519851e-06
sigma+ 298 4 -1 +4.0 -2.5 2 297 4 -1 +4.0 -1.5 2 -4.73519850e-06 -3.68696147e-24
sigma+ 111 2 -1 +0.0 +2.5 1 410 4 -1 +0.0 +3.5 1 -4.57380452e-06 0.00000000e+00
sigma+ 416 4 -1 +0.0 -2.5 1 115 2 -1 +0.0 -1.5 1 4.53570528e-06 0.00000000e+00
sigma+ 7 1 1 +0.0 +1.5 1 146 3 1 +0.0 +2.5 1 -4.50484356e-06 0.00000000e+00
sigma+ 112 2 -1 +0.0 +1.5 1 411 4 -1 +0.0 +2.5 1 4.49809373e-06 0.00000000e+00
sigma+ 129 2 -1 +0.0 +0.5 4 442 4 -1 +0.0 +1.5 4 -4.47723462e-06 0.00000000e+00
sigma+ 417 4 -1 +0.0 -3.5 1 116 2 -1 +0.0 -2.5 1 4.45612506e-06 0.00000000e+00
sigma+ 182 3 -1 +3.0 +3.5 2 348 4 -1 +3.0 +4.5 2 4.44552103e-06 0.00000000e+00
sigma+ 58 3 1 +3.0 +3.5 2 244 4 1 +3.0 +4.5 2 -4.44552098e-06 0.00000000e+00
sigma+ 151 3 1 +0.0 -2.5 1 10 1 1 +0.0 -1.5 1 4.42400321e-06 0.00000000e+00
sigma+ 94 3 1 +2.0 +2.5 2 310 4 1 +2.0 +3.5 2 2.06410575e-23 4.41366121e-06
sigma+ 226 3 -1 +2.0 +2.5 2 382 4 -1 +2.0 +3.5 2 4.41366121e-06 -2.02707422e-23
sigma+ 27 2 1 +2.0 +1.5 2 94 3 1 +2.0 +2.5 2 4.39738140e-06 1.37895066e-23
sigma+ 85 2 -1 +2.0 +1.5 2 226 3 -1 +2.0 +2.5 2 -1.37895066e-23 4.39738139e-06
sigma+ 33 2 1 +1.0 +1.5 1 320 4 1 +1.0 +2.5 1 -2.05378871e-23 4.32333964e-06
sigma+ 101 2 -1 +1.0 +1.5 1 392 4 -1 +1.0 +2.5 1 4.32333963e-06 -1.07670521e-23
sigma+ 325 4 1 +1.0 -2.5 1 36 2 1 +1.0 -1.5 1 1.84844844e-23 -4.29381605e-06
sigma+ 397 4 -1 +1.0 -2.5 1 104 2 -1 +1.0 -1.5 1 -4.29381605e-06 -2.46512668e-23
sigma+ 28 0 -1 +0.0 +1.5 1 111 2 -1 +0.0 +2.5 1 4.28371269e-06 0.00000000e+00
sigma+ 17 1 1 +0.0 -0.5 3 170 3 1 +0.0 +0.5 4 -4.27482855e-06 0.00000000e+00
sigma+ 119 2 -1 +0.0 +1.5 2 422 4 -1 +0.0 +2.5 2 -4.25225603e-06 0.00000000e+00
sigma+ 150 3 1 +0.0 -1.5 1 9 1 1 +0.0 -0.5 1 4.24487230e-06 0.00000000e+00
sigma+ 415 4 -1 +0.0 -1.5 1 114 2 -1 +0.0 -0.5 1 -4.21237207e-06 0.00000000e+00
sigma+ 89 3 1 +2.0 +0.5 1 19 2 1 +2.0 +1.5 1 3.79503944e-24 4.21163659e-06
sigma+ 221 3 -1 +2.0 +0.5 1 77 2 -1 +2.0 +1.5 1 4.21163658e-06 -2.24911210e-23
sigma+ 40 2 1 +1.0 +0.5 2 330 4 1 +1.0 +1.5 2 4.20713804e-06 -2.68685319e-23
sigma+ 108 2 -1 +1.0 +0.5 2 402 4 -1 +1.0 +1.5 2 6.82541935e-24 -4.20713804e-06
sigma+ 173 3 -1 +3.0 +3.5 1 172 3 -1 +3.0 +4.5 1 4.19962673e-06 0.00000000e+00
sigma+ 49 3 1 +3.0 +3.5 1 48 3 1 +3.0 +4.5 1 4.19962671e-06 0.00000000e+00
sigma+ 75 3 1 +3.0 +1.5 4 267 4 1 +3.0 +2.5 4 -4.18792877e-06 0.00000000e+00
sigma+ 199 3 -1 +3.0 +1.5 4 371 4 -1 +3.0 +2.5 4 -4.18792875e-06 0.00000000e+00
sigma+ 6 1 1 +0.0 +2.5 1 145 3 1 +0.0 +3.5 1 -4.17414381e-06 0.00000000e+00
sigma+ 317 4 1 +2.0 -3.5 2 97 3 1 +2.0 -2.5 2 -4.17287601e-06 -1.07774160e-24
sigma+ 389 4 -1 +2.0 -3.5 2 229 3 -1 +2.0 -2.5 2 -4.17287598e-06 -1.07774166e-24
sigma+ 334 4 1 +1.0 -2.5 2 38 2 1 +1.0 -1.5 2 7.36037961e-24 -4.17221626e-06
sigma+ 406 4 -1 +1.0 -2.5 2 106 2 -1 +1.0 -1.5 2 -4.17221626e-06 -1.33525203e-23
sigma+ 289 4 -1 +4.0 -2.5 1 288 4 -1 +4.0 -1.5 1 -4.15350312e-06 -6.11059086e-24
sigma+ 207 4 1 +4.0 -2.5 1 206 4 1 +4.0 -1.5 1 4.97237707e-24 4.15350312e-06
sigma+ 285 4 -1 +4.0 +1.5 1 284 4 -1 +4.0 +2.5 1 1.76918689e-23 4.15032455e-06
sigma+ 203 4 1 +4.0 +1.5 1 202 4 1 +4.0 +2.5 1 4.15032454e-06 -5.04873760e-24
sigma+ 80 2 -1 +2.0 -1.5 1 222 3 -1 +2.0 -0.5 1 -4.13536935e-06 3.68010292e-24
sigma+ 22 2 1 +2.0 -1.5 1 90 3 1 +2.0 -0.5 1 4.13536934e-06 -1.63739732e-23
sigma+ 41 2 1 +1.0 +1.5 2 329 4 1 +1.0 +2.5 2 -1.38429667e-23 4.13033691e-06
sigma+ 109 2 -1 +1.0 +1.5 2 401 4 -1 +1.0 +2.5 2 4.13033691e-06 -1.60627983e-23
sigma+ 427 4 -1 +0.0 -2.5 2 122 2 -1 +0.0 -1.5 2 -4.09063240e-06 0.00000000e+00
sigma+ 405 4 -1 +1.0 -1.5 2 107 2 -1 +1.0 -0.5 2 -4.07460097e-06 1.77117528e-23
sigma+ 333 4 1 +1.0 -1.5 2 39 2 1 +1.0 -0.5 2 -2.42481054e-23 -4.07460097e-06
sigma+ 115 2 -1 +0.0 -1.5 1 30 0 -1 +0.0 -0.5 1 -4.05596225e-06 0.00000000e+00
sigma+ 357 4 -1 +3.0 -4.5 2 189 3 -1 +3.0 -3.5 2 4.04245634e-06 0.00000000e+00
sigma+ 253 4 1 +3.0 -4.5 2 65 3 1 +3.0 -3.5 2 4.04245627e-06 0.00000000e+00
sigma+ 113 2 -1 +0.0 +0.5 1 412 4 -1 +0.0 +1.5 1 4.03604235e-06 0.00000000e+00
sigma+ 50 3 1 +3.0 +2.5 1 49 3 1 +3.0 +3.5 1 -4.02933137e-06 0.00000000e+00
sigma+ 174 3 -1 +3.0 +2.5 1 173 3 -1 +3.0 +3.5 1 -4.02933137e-06 0.00000000e+00
sigma+ 180 3 -1 +3.0 -3.5 1 179 3 -1 +3.0 -2.5 1 -4.02626282e-06 0.00000000e+00
sigma+ 56 3 1 +3.0 -3.5 1 55 3 1 +3.0 -2.5 1 4.02626281e-06 0.00000000e+00
sigma+ 324 4 1 +1.0 -1.5 1 35 2 1 +1.0 -0.5 1 2.46879605e-23 4.02625763e-06
sigma+ 396 4 -1 +1.0 -1.5 1 103 2 -1 +1.0 -0.5 1 -4.02625762e-06 1.49933356e-23
sigma+ 8 1 1 +0.0 +0.5 1 147 3 1 +0.0 +1.5 1 -4.02256547e-06 0.00000000e+00
sigma+ 24 2 1 +2.0 -1.5 2 98 3 1 +2.0 -0.5 2 -4.01836162e-06 1.42870228e-23
sigma+ 82 2 -1 +2.0 -1.5 2 230 3 -1 +2.0 -0.5 2 4.01836162e-06 -1.95231755e-24
sigma+ 124 2 -1 +0.0 +1.5 3 431 4 -1 +0.0 +2.5 3 3.99472560e-06 0.00000000e+00
sigma+ 125 2 -1 +0.0 +0.5 3 432 4 -1 +0.0 +1.5 3 3.96355207e-06 0.00000000e+00
sigma+ 190 3 -1 +3.0 +2.5 3 358 4 -1 +3.0 +3.5 3 -3.95960811e-06 0.00000000e+00
sigma+ 66 3 1 +3.0 +2.5 3 254 4 1 +3.0 +3.5 3 -3.95960809e-06 0.00000000e+00
sigma+ 102 2 -1 +1.0 +0.5 1 393 4 -1 +1.0 +1.5 1 2.73428654e-24 -3.95630916e-06
sigma+ 34 2 1 +1.0 +0.5 1 321 4 1 +1.0 +1.5 1 -3.95630916e-06 3.39763223e-23
sigma+ 198 3 -1 +3.0 +0.5 4 199 3 -1 +3.0 +1.5 4 3.95365288e-06 0.00000000e+00
sigma+ 74 3 1 +3.0 +0.5 4 75 3 1 +3.0 +1.5 4 3.95365287e-06 0.00000000e+00
sigma+ 110 2 -1 +0.0 +3.5 1 409 4 -1 +0.0 +4.5 1 -3.92845582e-06 0.00000000e+00
sigma+ 47 1 -1 +1.0 +0.5 2 277 3 -1 +1.0 +1.5 2 -1.45378610e-24 -3.91970690e-06
sigma+ 5 1 1 +1.0 +0.5 2 139 3 1 +1.0 +1.5 2 -1.93592962e-23 3.91970689e-06
sigma+ 100 2 -1 +1.0 +2.5 1 391 4 -1 +1.0 +3.5 1 -1.65336238e-23 3.90813375e-06
sigma+ 32 2 1 +1.0 +2.5 1 319 4 1 +1.0 +3.5 1 3.90813375e-06 -1.17628928e-23
sigma+ 21 2 1 +2.0 -0.5 1 89 3 1 +2.0 +0.5 1 -1.56839008e-24 -3.90729940e-06
sigma+ 79 2 -1 +2.0 -0.5 1 221 3 -1 +2.0 +0.5 1 3.90729940e-06 1.59780908e-23
sigma+ 128 2 -1 +0.0 -0.5 4 441 4 -1 +0.0 +0.5 4 3.90585044e-06 0.00000000e+00
sigma+ 98 3 1 +2.0 -0.5 2 26 2 1 +2.0 +0.5 2 2.78958559e-23 -3.90075803e-06
sigma+ 230 3 -1 +2.0 -0.5 2 84 2 -1 +2.0 +0.5 2 1.59221449e-23 -3.90075801e-06
sigma+ 439 4 -1 +0.0 -1.5 4 128 2 -1 +0.0 -0.5 4 3.89852959e-06 0.00000000e+00
sigma+ 96 3 1 +2.0 +0.5 2 27 2 1 +2.0 +1.5 2 8.08990506e-25 -3.89288812e-06
sigma+ 228 3 -1 +2.0 +0.5 2 85 2 -1 +2.0 +1.5 2 3.89288811e-06 -1.73177343e-23
sigma+ 178 3 -1 +3.0 -1.5 1 342 4 -1 +3.0 -0.5 1 3.89130099e-06 0.00000000e+00
sigma+ 54 3 1 +3.0 -1.5 1 238 4 1 +3.0 -0.5 1 -3.89130095e-06 0.00000000e+00
sigma+ 118 2 -1 +0.0 +2.5 2 421 4 -1 +0.0 +3.5 2 3.87509041e-06 0.00000000e+00
sigma+ 426 4 -1 +0.0 -1.5 2 121 2 -1 +0.0 -0.5 2 -3.86946300e-06 0.00000000e+00
sigma+ 29 0 -1 +0.0 +0.5 1 112 2 -1 +0.0 +1.5 1 -3.86352281e-06 0.00000000e+00
sigma+ 102 2 -1 +1.0 +0.5 1 42 1 -1 +1.0 +1.5 1 3.85909167e-06 0.00000000e+00
sigma+ 34 2 1 +1.0 +0.5 1 0 1 1 +1.0 +1.5 1 3.85909167e-06 -1.29236740e-23
sigma+ 120 2 -1 +0.0 +0.5 2 423 4 -1 +0.0 +1.5 2 -3.85662781e-06 0.00000000e+00
sigma+ 77 2 -1 +2.0 +1.5 1 76 2 -1 +2.0 +2.5 1 -3.85445521e-06 -1.55583151e-23
sigma+ 19 2 1 +2.0 +1.5 1 18 2 1 +2.0 +2.5 1 -3.85445521e-06 -1.55583151e-23
sigma+ 236 4 1 +3.0 +1.5 1 50 3 1 +3.0 +2.5 1 -3.84795806e-06 0.00000000e+00
sigma+ 340 4 -1 +3.0 +1.5 1 174 3 -1 +3.0 +2.5 1 -3.84795804e-06 0.00000000e+00
sigma+ 181 3 -1 +3.0 -4.5 1 180 3 -1 +3.0 -3.5 1 3.84002188e-06 0.00000000e+00
sigma+ 57 3 1 +3.0 -4.5 1 56 3 1 +3.0 -3.5 1 -3.84002187e-06 0.00000000e+00
sigma+ 237 4 1 +3.0 +0.5 1 51 3 1 +3.0 +1.5 1 -3.82422777e-06 0.00000000e+00
sigma+ 341 4 -1 +3.0 +0.5 1 175 3 -1 +3.0 +1.5 1 -3.82422775e-06 0.00000000e+00
sigma+ 152 3 1 +0.0 -3.5 1 11 1 1 +0.0 -2.5 1 3.81438598e-06 0.00000000e+00
sigma+ 123 2 -1 +0.0 -2.5 2 31 0 -1 +0.0 -1.5 1 -3.80794642e-06 0.00000000e+00
sigma+ 44 1 -1 +1.0 -0.5 1 102 2 -1 +1.0 +0.5 1 -1.29759201e-24 3.80618925e-06
sigma+ 2 1 1 +1.0 -0.5 1 34 2 1 +1.0 +0.5 1 1.11225479e-23 -3.80618924e-06
sigma+ 326 4 1 +1.0 -3.5 1 37 2 1 +1.0 -2.5 1 3.79037581e-06 1.37901119e-23
sigma+ 398 4 -1 +1.0 -3.5 1 105 2 -1 +1.0 -2.5 1 3.79037579e-06 7.12985530e-24
sigma+ 42 1 -1 +1.0 +1.5 1 269 3 -1 +1.0 +2.5 1 0.00000000e+00 -3.78868571e-06
sigma+ 0 1 1 +1.0 +1.5 1 131 3 1 +1.0 +2.5 1 2.63345761e-24 3.78868569e-06
sigma+ 39 2 1 +1.0 -0.5 2 5 1 1 +1.0 +0.5 2 -1.33748053e-23 3.78611991e-06
sigma+ 107 2 -1 +1.0 -0.5 2 47 1 -1 +1.0 +0.5 2 -3.78611989e-06 -4.83756432e-24
sigma+ 12 1 1 +0.0 +1.5 2 155 3 1 +0.0 +2.5 2 -3.78162834e-06 0.00000000e+00
sigma+ 97 3 1 +2.0 -2.5 2 24 2 1 +2.0 -1.5 2 -3.77835073e-06 -2.34233161e-40
sigma+ 229 3 -1 +2.0 -2.5 2 82 2 -1 +2.0 -1.5 2 -3.77835073e-06 -2.29570020e-40
sigma+ 143 3 1 +1.0 -1.5 2 4 1 1 +1.0 -0.5 2 1.03638790e-23 3.76252222e-06
sigma+ 281 3 -1 +1.0 -1.5 2 46 1 -1 +1.0 -0.5 2 3.76250308e-06 -2.68088891e-24
sigma+ 37 2 1 +1.0 -2.5 1 3 1 1 +1.0 -1.5 1 3.75123126e-06 -5.57448401e-24
sigma+ 0 1 1 +1.0 +1.5 1 32 2 1 +1.0 +2.5 1 0.00000000e+00 -3.75123126e-06
sigma+ 42 1 -1 +1.0 +1.5 1 100 2 -1 +1.0 +2.5 1 1.58698373e-23 3.75123126e-06
sigma+ 105 2 -1 +1.0 -2.5 1 45 1 -1 +1.0 -1.5 1 -3.75123126e-06 1.70082298e-24
sigma+ 120 2 -1 +0.0 +0.5 2 28 0 -1 +0.0 +1.5 1 3.73980358e-06 0.00000000e+00
sigma+ 179 3 -1 +3.0 -2.5 1 343 4 -1 +3.0 -1.5 1 3.72093409e-06 0.00000000e+00
sigma+ 55 3 1 +3.0 -2.5 1 239 4 1 +3.0 -1.5 1 -3.72093407e-06 0.00000000e+00
sigma+ 135 3 1 +1.0 -1.5 1 2 1 1 +1.0 -0.5 1 1.27430461e-23 3.71959935e-06
sigma+ 273 3 -1 +1.0 -1.5 1 44 1 -1 +1.0 -0.5 1 -3.71959934e-06 3.29633963e-24
sigma+ 418 4 -1 +0.0 -4.5 1 117 2 -1 +0.0 -3.5 1 3.69816208e-06 0.00000000e+00
sigma+ 116 2 -1 +0.0 -2.5 1 31 0 -1 +0.0 -1.5 1 -3.69364535e-06 0.00000000e+00
sigma+ 83 2 -1 +2.0 -0.5 2 228 3 -1 +2.0 +0.5 2 3.67861628e-06 1.20482310e-23
sigma+ 25 2 1 +2.0 -0.5 2 96 3 1 +2.0 +0.5 2 4.72118799e-24 3.67861627e-06
sigma+ 1 1 1 +1.0 +0.5 1 132 3 1 +1.0 +1.5 1 5.09165574e-24 -3.67205048e-06
sigma+ 43 1 -1 +1.0 +0.5 1 270 3 -1 +1.0 +1.5 1 -5.55872440e-24 -3.67205048e-06
sigma+ 414 4 -1 +0.0 -0.5 1 113 2 -1 +0.0 +0.5 1 3.62009778e-06 0.00000000e+00
sigma+ 90 3 1 +2.0 -0.5 1 20 2 1 +2.0 +0.5 1 -2.16434814e-23 3.60604496e-06
sigma+ 222 3 -1 +2.0 -0.5 1 78 2 -1 +2.0 +0.5 1 -1.05744177e-23 3.60604496e-06
sigma+ 72 3 1 +3.0 -1.5 4 264 4 1 +3.0 -0.5 4 -3.60580117e-06 0.00000000e+00
sigma+ 196 3 -1 +3.0 -1.5 4 368 4 -1 +3.0 -0.5 4 -3.60580114e-06 0.00000000e+00
sigma+ 223 3 -1 +2.0 -1.5 1 377 4 -1 +2.0 -0.5 1 -3.60397630e-06 -1.07065936e-23
sigma+ 91 3 1 +2.0 -1.5 1 305 4 1 +2.0 -0.5 1 -3.60397629e-06 -9.63699264e-24
sigma+ 53 3 1 +3.0 -0.5 1 237 4 1 +3.0 +0.5 1 3.60299100e-06 0.00000000e+00
sigma+ 177 3 -1 +3.0 -0.5 1 341 4 -1 +3.0 +0.5 1 -3.60299100e-06 0.00000000e+00
sigma+ 274 3 -1 +1.0 -2.5 1 45 1 -1 +1.0 -1.5 1 3.60014051e-06 3.73557127e-25
sigma+ 136 3 1 +1.0 -2.5 1 3 1 1 +1.0 -1.5 1 -3.60014050e-06 -2.98190275e-24
sigma+ 231 3 -1 +2.0 -1.5 2 386 4 -1 +2.0 -0.5 2 -3.59933792e-06 -8.18408659e-24
sigma+ 99 3 1 +2.0 -1.5 2 314 4 1 +2.0 -0.5 2 3.59933792e-06 7.11332254e-24
sigma+ 435 4 -1 +0.0 -1.5 3 126 2 -1 +0.0 -0.5 3 -3.59734487e-06 0.00000000e+00
sigma+ 304 4 1 +2.0 +0.5 1 88 3 1 +2.0 +1.5 1 -3.59581096e-06 -1.10099889e-24
sigma+ 376 4 -1 +2.0 +0.5 1 220 3 -1 +2.0 +1.5 1 -1.09838782e-23 -3.59581096e-06
sigma+ 149 3 1 +0.0 -0.5 1 8 1 1 +0.0 +0.5 1 -3.58905456e-06 0.00000000e+00
sigma+ 16 1 1 +0.0 +0.5 3 163 3 1 +0.0 +1.5 3 3.58850115e-06 0.00000000e+00
sigma+ 313 4 1 +2.0 +0.5 2 95 3 1 +2.0 +1.5 2 3.58099038e-06 4.61950719e-25
sigma+ 385 4 -1 +2.0 +0.5 2 227 3 -1 +2.0 +1.5 2 -4.60855165e-24 -3.58099037e-06
sigma+ 84 2 -1 +2.0 +0.5 2 85 2 -1 +2.0 +1.5 2 3.57823384e-06 -1.33722884e-23
sigma+ 26 2 1 +2.0 +0.5 2 27 2 1 +2.0 +1.5 2 3.57823384e-06 -1.33722884e-23
sigma+ 428 4 -1 +0.0 -3.5 2 123 2 -1 +0.0 -2.5 2 -3.57467455e-06 0.00000000e+00
sigma+ 436 4 -1 +0.0 -2.5 3 127 2 -1 +0.0 -1.5 3 -3.56873177e-06 0.00000000e+00
sigma+ 10 1 1 +0.0 -1.5 1 17 1 1 +0.0 -0.5 3 3.55239060e-06 0.00000000e+00
sigma+ 8 1 1 +0.0 +0.5 1 12 1 1 +0.0 +1.5 2 -3.54272040e-06 0.00000000e+00
sigma+ 368 4 -1 +3.0 -0.5 4 198 3 -1 +3.0 +0.5 4 -3.53443265e-06 0.00000000e+00
sigma+ 264 4 1 +3.0 -0.5 4 74 3 1 +3.0 +0.5 4 -3.53443259e-06 0.00000000e+00
sigma+ 13 1 1 +0.0 +0.5 2 156 3 1 +0.0 +1.5 2 3.51146381e-06 0.00000000e+00
sigma+ 9 1 1 +0.0 -0.5 1 16 1 1 +0.0 +0.5 3 -3.51071716e-06 0.00000000e+00
sigma+ 81 2 -1 +2.0 -2.5 1 80 2 -1 +2.0 -1.5 1 -2.81330509e-23 -3.48487557e-06
sigma+ 23 2 1 +2.0 -2.5 1 22 2 1 +2.0 -1.5 1 2.81330507e-23 3.48487555e-06
sigma+ 114 2 -1 +0.0 -0.5 1 29 0 -1 +0.0 +0.5 1 3.46357209e-06 0.00000000e+00
sigma+ 11 1 1 +0.0 -2.5 1 15 1 1 +0.0 -1.5 2 -3.45201902e-06 0.00000000e+00
sigma+ 65 3 1 +3.0 -3.5 2 71 3 1 +3.0 -2.5 3 3.44357543e-06 0.00000000e+00
sigma+ 189 3 -1 +3.0 -3.5 2 195 3 -1 +3.0 -2.5 3 3.44357539e-06 0.00000000e+00
sigma+ 159 3 1 +0.0 -1.5 2 14 1 1 +0.0 -0.5 2 3.43398624e-06 0.00000000e+00
sigma+ 59 3 1 +3.0 +2.5 2 58 3 1 +3.0 +3.5 2 -3.42257905e-06 0.00000000e+00
sigma+ 183 3 -1 +3.0 +2.5 2 182 3 -1 +3.0 +3.5 2 -3.42257905e-06 0.00000000e+00
sigma+ 220 3 -1 +2.0 +1.5 1 76 2 -1 +2.0 +2.5 1 -1.38150055e-23 3.42256341e-06
sigma+ 88 3 1 +2.0 +1.5 1 18 2 1 +2.0 +2.5 1 3.42256338e-06 -2.46531537e-24
sigma+ 127 2 -1 +0.0 -1.5 3 30 0 -1 +0.0 -0.5 1 3.41409231e-06 0.00000000e+00
sigma+ 303 4 1 +2.0 +1.5 1 87 3 1 +2.0 +2.5 1 4.18700759e-25 3.37441654e-06
sigma+ 375 4 -1 +2.0 +1.5 1 219 3 -1 +2.0 +2.5 1 -1.71872673e-20 3.37441653e-06
sigma+ 339 4 -1 +3.0 +2.5 1 173 3 -1 +3.0 +3.5 1 3.36390450e-06 0.00000000e+00
sigma+ 235 4 1 +3.0 +2.5 1 49 3 1 +3.0 +3.5 1 -3.36390447e-06 0.00000000e+00
sigma+ 30 0 -1 +0.0 -0.5 1 120 2 -1 +0.0 +0.5 2 3.36093874e-06 0.00000000e+00
sigma+ 145 3 1 +0.0 +3.5 1 144 3 1 +0.0 +4.5 1 3.36050503e-06 0.00000000e+00
sigma+ 111 2 -1 +0.0 +2.5 1 110 2 -1 +0.0 +3.5 1 3.35183724e-06 0.00000000e+00
sigma+ 114 2 -1 +0.0 -0.5 1 413 4 -1 +0.0 +0.5 1 3.35108001e-06 0.00000000e+00
sigma+ 39 2 1 +1.0 -0.5 2 331 4 1 +1.0 +0.5 2 3.36507046e-23 -3.33458301e-06
sigma+ 107 2 -1 +1.0 -0.5 2 403 4 -1 +1.0 +0.5 2 -4.78174824e-24 3.33458300e-06
sigma+ 4 1 1 +1.0 -0.5 2 40 2 1 +1.0 +0.5 2 -8.44603681e-24 3.32927967e-06
sigma+ 46 1 -1 +1.0 -0.5 2 108 2 -1 +1.0 +0.5 2 -2.16005834e-24 3.32927966e-06
sigma+ 395 4 -1 +1.0 -0.5 1 102 2 -1 +1.0 +0.5 1 3.86284208e-25 3.32624408e-06
sigma+ 323 4 1 +1.0 -0.5 1 34 2 1 +1.0 +0.5 1 3.32624407e-06 2.36327628e-23
sigma+ 238 4 1 +3.0 -0.5 1 52 3 1 +3.0 +0.5 1 3.32237128e-06 0.00000000e+00
sigma+ 342 4 -1 +3.0 -0.5 1 176 3 -1 +3.0 +0.5 1 3.32237127e-06 0.00000000e+00
sigma+ 3 1 1 +1.0 -1.5 1 39 2 1 +1.0 -0.5 2 3.31729187e-06 -1.26355868e-23
sigma+ 45 1 -1 +1.0 -1.5 1 107 2 -1 +1.0 -0.5 2 8.77077527e-25 -3.31729184e-06
sigma+ 265 4 1 +3.0 +0.5 4 75 3 1 +3.0 +1.5 4 -3.29262388e-06 0.00000000e+00
sigma+ 369 4 -1 +3.0 +0.5 4 199 3 -1 +3.0 +1.5 4 3.29262386e-06 0.00000000e+00
sigma+ 106 2 -1 +1.0 -1.5 2 44 1 -1 +1.0 -0.5 1 -3.28763436e-06 5.45582387e-24
sigma+ 38 2 1 +1.0 -1.5 2 2 1 1 +1.0 -0.5 1 3.28763435e-06 -5.45582384e-24
sigma+ 90 3 1 +2.0 -0.5 1 304 4 1 +2.0 +0.5 1 -2.17660132e-20 3.28593724e-06
sigma+ 222 3 -1 +2.0 -0.5 1 376 4 -1 +2.0 +0.5 1 1.50229807e-23 -3.28593723e-06
sigma+ 314 4 1 +2.0 -0.5 2 96 3 1 +2.0 +0.5 2 3.28343748e-06 6.17128822e-25
sigma+ 386 4 -1 +2.0 -0.5 2 228 3 -1 +2.0 +0.5 2 -1.57703096e-23 3.28343747e-06
sigma+ 169 3 1 +0.0 -0.5 4 16 1 1 +0.0 +0.5 3 3.27693442e-06 0.00000000e+00
sigma+ 55 3 1 +3.0 -2.5 1 54 3 1 +3.0 -1.5 1 -3.27547311e-06 0.00000000e+00
sigma+ 179 3 -1 +3.0 -2.5 1 178 3 -1 +3.0 -1.5 1 3.27547310e-06 0.00000000e+00
sigma+ 92 3 1 +2.0 -2.5 1 306 4 1 +2.0 -1.5 1 -3.27334293e-06 3.22974906e-20
sigma+ 224 3 -1 +2.0 -2.5 1 378 4 -1 +2.0 -1.5 1 -3.27334291e-06 -6.46001854e-20
sigma+ 14 1 1 +0.0 -0.5 2 8 1 1 +0.0 +0.5 1 3.24960908e-06 0.00000000e+00
sigma+ 187 3 -1 +3.0 -1.5 2 353 4 -1 +3.0 -0.5 2 3.24456582e-06 0.00000000e+00
sigma+ 63 3 1 +3.0 -1.5 2 249 4 1 +3.0 -0.5 2 -3.24456580e-06 0.00000000e+00
sigma+ 167 3 1 +0.0 -2.5 3 15 1 1 +0.0 -1.5 2 -3.23060272e-06 0.00000000e+00
sigma+ 248 4 1 +3.0 +0.5 2 60 3 1 +3.0 +1.5 2 -3.23003461e-06 0.00000000e+00
sigma+ 352 4 -1 +3.0 +0.5 2 184 3 -1 +3.0 +1.5 2 3.23003457e-06 0.00000000e+00
sigma+ 425 4 -1 +0.0 -0.5 2 120 2 -1 +0.0 +0.5 2 3.22693685e-06 0.00000000e+00
sigma+ 146 3 1 +0.0 +2.5 1 145 3 1 +0.0 +3.5 1 3.22340305e-06 0.00000000e+00
sigma+ 152 3 1 +0.0 -3.5 1 151 3 1 +0.0 -2.5 1 3.22089807e-06 0.00000000e+00
sigma+ 262 4 1 +3.0 -2.5 4 70 3 1 +3.0 -1.5 3 3.21916031e-06 0.00000000e+00
sigma+ 366 4 -1 +3.0 -2.5 4 194 3 -1 +3.0 -1.5 3 -3.21916031e-06 0.00000000e+00
sigma+ 160 3 1 +0.0 -2.5 2 15 1 1 +0.0 -1.5 2 3.20004080e-06 0.00000000e+00
sigma+ 191 3 -1 +3.0 +1.5 3 190 3 -1 +3.0 +2.5 3 -3.19461763e-06 0.00000000e+00
sigma+ 67 3 1 +3.0 +1.5 3 66 3 1 +3.0 +2.5 3 3.19461758e-06 0.00000000e+00
sigma+ 35 2 1 +1.0 -0.5 1 322 4 1 +1.0 +0.5 1 -3.20223546e-23 3.18943599e-06
sigma+ 103 2 -1 +1.0 -0.5 1 394 4 -1 +1.0 +0.5 1 6.37406106e-24 -3.18943598e-06
sigma+ 45 1 -1 +1.0 -1.5 1 103 2 -1 +1.0 -0.5 1 -8.40394734e-25 3.17854979e-06
sigma+ 3 1 1 +1.0 -1.5 1 35 2 1 +1.0 -0.5 1 3.17854976e-06 -1.21071172e-23
sigma+ 98 3 1 +2.0 -0.5 2 313 4 1 +2.0 +0.5 2 -1.73161333e-18 3.17402897e-06
sigma+ 230 3 -1 +2.0 -0.5 2 385 4 -1 +2.0 +0.5 2 -1.52546558e-23 3.17402897e-06
sigma+ 137 3 1 +1.0 -3.5 1 37 2 1 +1.0 -2.5 1 5.00284304e-24 -3.17036906e-06
sigma+ 32 2 1 +1.0 +2.5 1 130 3 1 +1.0 +3.5 1 3.17036906e-06 -1.17040387e-24
sigma+ 100 2 -1 +1.0 +2.5 1 268 3 -1 +1.0 +3.5 1 3.17036906e-06 -2.44130603e-21
sigma+ 275 3 -1 +1.0 -3.5 1 105 2 -1 +1.0 -2.5 1 -5.67969047e-25 -3.17036906e-06
sigma+ 9 1 1 +0.0 -0.5 1 148 3 1 +0.0 +0.5 1 -3.16598360e-06 0.00000000e+00
sigma+ 170 3 1 +0.0 +0.5 4 171 3 1 +0.0 +1.5 4 -3.16535047e-06 0.00000000e+00
sigma+ 377 4 -1 +2.0 -0.5 1 221 3 -1 +2.0 +0.5 1 -1.58118204e-23 3.14715967e-06
sigma+ 305 4 1 +2.0 -0.5 1 89 3 1 +2.0 +0.5 1 3.14715967e-06 1.49325984e-24
sigma+ 16 1 1 +0.0 +0.5 3 7 1 1 +0.0 +1.5 1 3.13681263e-06 0.00000000e+00
sigma+ 195 3 -1 +3.0 -2.5 3 196 3 -1 +3.0 -1.5 4 3.13359090e-06 0.00000000e+00
sigma+ 71 3 1 +3.0 -2.5 3 72 3 1 +3.0 -1.5 4 3.13359087e-06 0.00000000e+00
sigma+ 28 0 -1 +0.0 +1.5 1 118 2 -1 +0.0 +2.5 2 -3.12942127e-06 0.00000000e+00
sigma+ 29 0 -1 +0.0 +0.5 1 124 2 -1 +0.0 +1.5 3 3.12023617e-06 0.00000000e+00
sigma+ 35 2 1 +1.0 -0.5 1 1 1 1 +1.0 +0.5 1 -1.19206632e-23 3.11569096e-06
sigma+ 103 2 -1 +1.0 -0.5 1 43 1 -1 +1.0 +0.5 1 -3.11569096e-06 -1.03396890e-23
sigma+ 31 0 -1 +0.0 -1.5 1 128 2 -1 +0.0 -0.5 4 3.11396569e-06 0.00000000e+00
sigma+ 247 4 1 +3.0 +1.5 2 59 3 1 +3.0 +2.5 2 3.11370494e-06 0.00000000e+00
sigma+ 351 4 -1 +3.0 +1.5 2 183 3 -1 +3.0 +2.5 2 3.11370491e-06 0.00000000e+00
sigma+ 57 3 1 +3.0 -4.5 1 65 3 1 +3.0 -3.5 2 -3.11196548e-06 0.00000000e+00
sigma+ 181 3 -1 +3.0 -4.5 1 189 3 -1 +3.0 -3.5 2 3.11196547e-06 0.00000000e+00
sigma+ 56 3 1 +3.0 -3.5 1 240 4 1 +3.0 -2.5 1 -3.10999911e-06 0.00000000e+00
sigma+ 180 3 -1 +3.0 -3.5 1 344 4 -1 +3.0 -2.5 1 3.10999910e-06 0.00000000e+00
sigma+ 404 4 -1 +1.0 -0.5 2 108 2 -1 +1.0 +0.5 2 -6.12205852e-25 -3.09961739e-06
sigma+ 332 4 1 +1.0 -0.5 2 40 2 1 +1.0 +0.5 2 -3.09961739e-06 -2.17903025e-23
sigma+ 81 2 -1 +2.0 -2.5 1 223 3 -1 +2.0 -1.5 1 4.24409069e-23 3.09740913e-06
sigma+ 23 2 1 +2.0 -2.5 1 91 3 1 +2.0 -1.5 1 4.15219571e-23 3.09740912e-06
sigma+ 161 3 1 +0.0 -3.5 2 11 1 1 +0.0 -2.5 1 3.09409688e-06 0.00000000e+00
sigma+ 121 2 -1 +0.0 -0.5 2 424 4 -1 +0.0 +0.5 2 3.08030136e-06 0.00000000e+00
sigma+ 71 3 1 +3.0 -2.5 3 263 4 1 +3.0 -1.5 4 -3.07754400e-06 0.00000000e+00
sigma+ 195 3 -1 +3.0 -2.5 3 367 4 -1 +3.0 -1.5 4 3.07754395e-06 0.00000000e+00
sigma+ 82 2 -1 +2.0 -1.5 2 83 2 -1 +2.0 -0.5 2 -2.08360468e-24 3.07683822e-06
sigma+ 24 2 1 +2.0 -1.5 2 25 2 1 +2.0 -0.5 2 2.08360471e-24 -3.07683821e-06
sigma+ 153 3 1 +0.0 -4.5 1 152 3 1 +0.0 -3.5 1 -3.07087246e-06 0.00000000e+00
sigma+ 257 4 1 +3.0 +0.5 3 67 3 1 +3.0 +1.5 3 3.06292972e-06 0.00000000e+00
sigma+ 361 4 -1 +3.0 +0.5 3 191 3 -1 +3.0 +1.5 3 3.06292968e-06 0.00000000e+00
sigma+ 62 3 1 +3.0 -0.5 2 248 4 1 +3.0 +0.5 2 3.05737643e-06 0.00000000e+00
sigma+ 186 3 -1 +3.0 -0.5 2 352 4 -1 +3.0 +0.5 2 3.05737641e-06 0.00000000e+00
sigma+ 77 2 -1 +2.0 +1.5 1 374 4 -1 +2.0 +2.5 1 2.99046695e-24 -3.05708004e-06
sigma+ 19 2 1 +2.0 +1.5 1 302 4 1 +2.0 +2.5 1 2.84888793e-24 -3.05708004e-06
sigma+ 379 4 -1 +2.0 -2.5 1 80 2 -1 +2.0 -1.5 1 -1.38060443e-23 -3.03627922e-06
sigma+ 307 4 1 +2.0 -2.5 1 22 2 1 +2.0 -1.5 1 1.31007791e-23 3.03627922e-06
sigma+ 365 4 -1 +3.0 -3.5 3 195 3 -1 +3.0 -2.5 3 -3.02160132e-06 0.00000000e+00
sigma+ 261 4 1 +3.0 -3.5 3 71 3 1 +3.0 -2.5 3 -3.02160128e-06 0.00000000e+00
sigma+ 104 2 -1 +1.0 -1.5 1 46 1 -1 +1.0 -0.5 2 -3.01926057e-06 9.05461249e-24
sigma+ 36 2 1 +1.0 -1.5 1 4 1 1 +1.0 -0.5 2 3.01926057e-06 -9.05461249e-24
sigma+ 165 3 1 +0.0 -0.5 3 13 1 1 +0.0 +0.5 2 -3.01856776e-06 0.00000000e+00
sigma+ 31 0 -1 +0.0 -1.5 1 126 2 -1 +0.0 -0.5 3 3.00621138e-06 0.00000000e+00
sigma+ 46 1 -1 +1.0 -0.5 2 279 3 -1 +1.0 +0.5 2 -1.03748345e-23 3.00331647e-06
sigma+ 4 1 1 +1.0 -0.5 2 141 3 1 +1.0 +0.5 2 3.00331647e-06 -1.27221897e-23
sigma+ 126 2 -1 +0.0 -0.5 3 433 4 -1 +0.0 +0.5 3 2.99004777e-06 0.00000000e+00
sigma+ 295 4 -1 +4.0 +0.5 2 294 4 -1 +4.0 +1.5 2 2.98717421e-06 1.31140500e-23
sigma+ 213 4 1 +4.0 +0.5 2 212 4 1 +4.0 +1.5 2 -2.98717420e-06 -4.79837468e-24
sigma+ 272 3 -1 +1.0 -0.5 1 43 1 -1 +1.0 +0.5 1 -9.68688608e-24 2.98448811e-06
sigma+ 134 3 1 +1.0 -0.5 1 1 1 1 +1.0 +0.5 1 1.40678610e-23 -2.98448810e-06
sigma+ 117 2 -1 +0.0 -3.5 1 123 2 -1 +0.0 -2.5 2 -2.97956879e-06 0.00000000e+00
sigma+ 26 2 1 +2.0 +0.5 2 312 4 1 +2.0 +1.5 2 -6.90667843e-25 -2.97477431e-06
sigma+ 84 2 -1 +2.0 +0.5 2 384 4 -1 +2.0 +1.5 2 2.97477431e-06 -1.66461778e-24
sigma+ 70 3 1 +3.0 -1.5 3 258 4 1 +3.0 -0.5 3 -2.96849884e-06 0.00000000e+00
sigma+ 194 3 -1 +3.0 -1.5 3 362 4 -1 +3.0 -0.5 3 2.96849879e-06 0.00000000e+00
sigma+ 7 1 1 +0.0 +1.5 1 6 1 1 +0.0 +2.5 1 2.96760064e-06 0.00000000e+00
sigma+ 437 4 -1 +0.0 -3.5 3 123 2 -1 +0.0 -2.5 2 2.96385634e-06 0.00000000e+00
sigma+ 197 3 -1 +3.0 -0.5 4 369 4 -1 +3.0 +0.5 4 2.95960010e-06 0.00000000e+00
sigma+ 73 3 1 +3.0 -0.5 4 265 4 1 +3.0 +0.5 4 2.95960009e-06 0.00000000e+00
sigma+ 125 2 -1 +0.0 +0.5 3 28 0 -1 +0.0 +1.5 1 -2.95284378e-06 0.00000000e+00
sigma+ 316 4 1 +2.0 -2.5 2 24 2 1 +2.0 -1.5 2 1.40333549e-23 2.95017753e-06
sigma+ 388 4 -1 +2.0 -2.5 2 82 2 -1 +2.0 -1.5 2 -5.48958254e-24 -2.95017753e-06
sigma+ 242 4 1 +3.0 -4.5 1 56 3 1 +3.0 -3.5 1 -2.94023808e-06 0.00000000e+00
sigma+ 346 4 -1 +3.0 -4.5 1 180 3 -1 +3.0 -3.5 1 2.94023800e-06 0.00000000e+00
sigma+ 27 2 1 +2.0 +1.5 2 311 4 1 +2.0 +2.5 2 1.51742461e-23 -2.92066301e-06
sigma+ 85 2 -1 +2.0 +1.5 2 383 4 -1 +2.0 +2.5 2 1.00338291e-23 -2.92066301e-06
sigma+ 117 2 -1 +0.0 -3.5 1 116 2 -1 +0.0 -2.5 1 -2.89013268e-06 0.00000000e+00
sigma+ 51 3 1 +3.0 +1.5 1 50 3 1 +3.0 +2.5 1 -2.88620377e-06 0.00000000e+00
sigma+ 175 3 -1 +3.0 +1.5 1 174 3 -1 +3.0 +2.5 1 2.88620373e-06 0.00000000e+00
sigma+ 72 3 1 +3.0 -1.5 4 69 3 1 +3.0 -0.5 3 -2.88304349e-06 0.00000000e+00
sigma+ 196 3 -1 +3.0 -1.5 4 193 3 -1 +3.0 -0.5 3 -2.88304348e-06 0.00000000e+00
sigma+ 193 3 -1 +3.0 -0.5 3 361 4 -1 +3.0 +0.5 3 2.88288219e-06 0.00000000e+00
sigma+ 69 3 1 +3.0 -0.5 3 257 4 1 +3.0 +0.5 3 2.88288217e-06 0.00000000e+00
sigma+ 387 4 -1 +2.0 -1.5 2 83 2 -1 +2.0 -0.5 2 -2.56584421e-24 2.88147755e-06
sigma+ 315 4 1 +2.0 -1.5 2 25 2 1 +2.0 -0.5 2 1.09689879e-24 2.88147754e-06
sigma+ 229 3 -1 +2.0 -2.5 2 387 4 -1 +2.0 -1.5 2 -2.88115596e-06 -7.74292202e-21
sigma+ 97 3 1 +2.0 -2.5 2 315 4 1 +2.0 -1.5 2 2.88115595e-06 -3.93556313e-21
sigma+ 434 4 -1 +0.0 -0.5 3 125 2 -1 +0.0 +0.5 3 -2.87858044e-06 0.00000000e+00
sigma+ 188 3 -1 +3.0 -2.5 2 354 4 -1 +3.0 -1.5 2 -2.85188361e-06 0.00000000e+00
sigma+ 64 3 1 +3.0 -2.5 2 250 4 1 +3.0 -1.5 2 2.85188358e-06 0.00000000e+00
sigma+ 413 4 -1 +0.0 +0.5 1 112 2 -1 +0.0 +1.5 1 -2.84992209e-06 0.00000000e+00
sigma+ 378 4 -1 +2.0 -1.5 1 79 2 -1 +2.0 -0.5 1 -1.79910848e-24 2.84702694e-06
sigma+ 306 4 1 +2.0 -1.5 1 21 2 1 +2.0 -0.5 1 -1.29745653e-24 -2.84702693e-06
sigma+ 12 1 1 +0.0 +1.5 2 6 1 1 +0.0 +2.5 1 2.84243374e-06 0.00000000e+00
sigma+ 176 3 -1 +3.0 +0.5 1 340 4 -1 +3.0 +1.5 1 -2.83515679e-06 0.00000000e+00
sigma+ 52 3 1 +3.0 +0.5 1 236 4 1 +3.0 +1.5 1 -2.83515678e-06 0.00000000e+00
sigma+ 190 3 -1 +3.0 +2.5 3 182 3 -1 +3.0 +3.5 2 -2.83065410e-06 0.00000000e+00
sigma+ 66 3 1 +3.0 +2.5 3 58 3 1 +3.0 +3.5 2 2.83065408e-06 0.00000000e+00
sigma+ 277 3 -1 +1.0 +1.5 2 276 3 -1 +1.0 +2.5 2 2.82532048e-06 2.48484362e-18
sigma+ 139 3 1 +1.0 +1.5 2 138 3 1 +1.0 +2.5 2 -2.82532048e-06 1.83604225e-23
sigma+ 116 2 -1 +0.0 -2.5 1 115 2 -1 +0.0 -1.5 1 2.81519589e-06 0.00000000e+00
sigma+ 164 3 1 +0.0 +0.5 3 12 1 1 +0.0 +1.5 2 2.81251524e-06 0.00000000e+00
sigma+ 158 3 1 +0.0 -0.5 2 13 1 1 +0.0 +0.5 2 2.81088783e-06 0.00000000e+00
sigma+ 269 3 -1 +1.0 +2.5 1 268 3 -1 +1.0 +3.5 1 -2.80177086e-06 2.12361741e-25
sigma+ 131 3 1 +1.0 +2.5 1 130 3 1 +1.0 +3.5 1 -2.80177085e-06 -9.13139550e-25
sigma+ 78 2 -1 +2.0 +0.5 1 375 4 -1 +2.0 +1.5 1 2.79761317e-06 -2.11265910e-24
sigma+ 20 2 1 +2.0 +0.5 1 303 4 1 +2.0 +1.5 1 -1.72202935e-24 -2.79761317e-06
sigma+ 384 4 -1 +2.0 +1.5 2 226 3 -1 +2.0 +2.5 2 -3.21989962e-21 2.78605268e-06
sigma+ 312 4 1 +2.0 +1.5 2 94 3 1 +2.0 +2.5 2 1.94507946e-24 2.78605268e-06
sigma+ 109 2 -1 +1.0 +1.5 2 276 3 -1 +1.0 +2.5 2 1.81643587e-22 -2.78160935e-06
sigma+ 41 2 1 +1.0 +1.5 2 138 3 1 +1.0 +2.5 2 2.78160934e-06 -4.21815702e-20
sigma+ 261 4 1 +3.0 -3.5 3 64 3 1 +3.0 -2.5 2 -2.77797024e-06 0.00000000e+00
sigma+ 365 4 -1 +3.0 -3.5 3 188 3 -1 +3.0 -2.5 2 -2.77797020e-06 0.00000000e+00
sigma+ 15 1 1 +0.0 -1.5 2 14 1 1 +0.0 -0.5 2 -2.77719899e-06 0.00000000e+00
sigma+ 76 2 -1 +2.0 +2.5 1 373 4 -1 +2.0 +3.5 1 1.11544385e-23 2.76342798e-06
sigma+ 18 2 1 +2.0 +2.5 1 301 4 1 +2.0 +3.5 1 1.13862957e-23 2.76342798e-06
sigma+ 161 3 1 +0.0 -3.5 2 167 3 1 +0.0 -2.5 3 2.75646835e-06 0.00000000e+00
sigma+ 155 3 1 +0.0 +2.5 2 154 3 1 +0.0 +3.5 2 -2.73984549e-06 0.00000000e+00
sigma+ 44 1 -1 +1.0 -0.5 1 271 3 -1 +1.0 +0.5 1 -1.24264771e-23 2.73975586e-06
sigma+ 2 1 1 +1.0 -0.5 1 133 3 1 +1.0 +0.5 1 -2.73975586e-06 8.64363263e-24
sigma+ 438 4 -1 +0.0 -2.5 4 127 2 -1 +0.0 -1.5 3 2.73497576e-06 0.00000000e+00
sigma+ 140 3 1 +1.0 -2.5 2 143 3 1 +1.0 -1.5 2 -3.18468897e-24 2.73386070e-06
sigma+ 278 3 -1 +1.0 -2.5 2 281 3 -1 +1.0 -1.5 2 2.73384680e-06 2.24729243e-25
sigma+ 184 3 -1 +3.0 +1.5 2 183 3 -1 +3.0 +2.5 2 2.72968592e-06 0.00000000e+00
sigma+ 60 3 1 +3.0 +1.5 2 59 3 1 +3.0 +2.5 2 2.72968587e-06 0.00000000e+00
sigma+ 12 1 1 +0.0 +1.5 2 162 3 1 +0.0 +2.5 3 2.72928363e-06 0.00000000e+00
sigma+ 249 4 1 +3.0 -0.5 2 61 3 1 +3.0 +0.5 2 -2.72283135e-06 0.00000000e+00
sigma+ 353 4 -1 +3.0 -0.5 2 185 3 -1 +3.0 +0.5 2 -2.72283127e-06 0.00000000e+00
sigma+ 31 0 -1 +0.0 -1.5 1 121 2 -1 +0.0 -0.5 2 -2.71980265e-06 0.00000000e+00
sigma+ 14 1 1 +0.0 -0.5 2 164 3 1 +0.0 +0.5 3 -2.70824917e-06 0.00000000e+00
sigma+ 30 0 -1 +0.0 -0.5 1 113 2 -1 +0.0 +0.5 1 -2.70701815e-06 0.00000000e+00
sigma+ 127 2 -1 +0.0 -1.5 3 440 4 -1 +0.0 -0.5 4 2.70277778e-06 0.00000000e+00
sigma+ 5 1 1 +1.0 +0.5 2 41 2 1 +1.0 +1.5 2 5.31748614e-25 -2.69880778e-06
sigma+ 47 1 -1 +1.0 +0.5 2 109 2 -1 +1.0 +1.5 2 2.69880778e-06 1.39291511e-23
sigma+ 70 3 1 +3.0 -1.5 3 62 3 1 +3.0 -0.5 2 -2.68372873e-06 0.00000000e+00
sigma+ 194 3 -1 +3.0 -1.5 3 186 3 -1 +3.0 -0.5 2 -2.68372870e-06 0.00000000e+00
sigma+ 308 4 1 +2.0 -3.5 1 23 2 1 +2.0 -2.5 1 -2.59262478e-23 2.68027729e-06
sigma+ 380 4 -1 +2.0 -3.5 1 81 2 -1 +2.0 -2.5 1 2.59262477e-23 -2.68027727e-06
sigma+ 126 2 -1 +0.0 -0.5 3 120 2 -1 +0.0 +0.5 2 -2.67146530e-06 0.00000000e+00
sigma+ 15 1 1 +0.0 -1.5 2 169 3 1 +0.0 -0.5 4 2.66770688e-06 0.00000000e+00
sigma+ 133 3 1 +1.0 +0.5 1 33 2 1 +1.0 +1.5 1 2.66365847e-06 2.17381773e-21
sigma+ 271 3 -1 +1.0 +0.5 1 101 2 -1 +1.0 +1.5 1 -2.66365846e-06 1.32967733e-23
sigma+ 275 3 -1 +1.0 -3.5 1 274 3 -1 +1.0 -2.5 1 1.96032056e-24 2.66233981e-06
sigma+ 137 3 1 +1.0 -3.5 1 136 3 1 +1.0 -2.5 1 1.96032056e-24 2.66233980e-06
sigma+ 30 0 -1 +0.0 -0.5 1 129 2 -1 +0.0 +0.5 4 2.65899779e-06 0.00000000e+00
sigma+ 189 3 -1 +3.0 -3.5 2 364 4 -1 +3.0 -2.5 3 2.65373937e-06 0.00000000e+00
sigma+ 65 3 1 +3.0 -3.5 2 260 4 1 +3.0 -2.5 3 2.65373937e-06 0.00000000e+00
sigma+ 327 4 1 +1.0 -4.5 1 137 3 1 +1.0 -3.5 1 2.65252106e-06 -3.51160912e-24
sigma+ 268 3 -1 +1.0 +3.5 1 390 4 -1 +1.0 +4.5 1 -4.68920382e-24 2.65252106e-06
sigma+ 130 3 1 +1.0 +3.5 1 318 4 1 +1.0 +4.5 1 2.65252106e-06 9.79230132e-25
sigma+ 399 4 -1 +1.0 -4.5 1 275 3 -1 +1.0 -3.5 1 1.79481968e-21 2.65252106e-06
sigma+ 168 3 1 +0.0 -1.5 4 14 1 1 +0.0 -0.5 2 -2.63090093e-06 0.00000000e+00
sigma+ 148 3 1 +0.0 +0.5 1 7 1 1 +0.0 +1.5 1 2.62644986e-06 0.00000000e+00
sigma+ 151 3 1 +0.0 -2.5 1 150 3 1 +0.0 -1.5 1 -2.62140004e-06 0.00000000e+00
sigma+ 112 2 -1 +0.0 +1.5 1 111 2 -1 +0.0 +2.5 1 2.62119845e-06 0.00000000e+00
sigma+ 104 2 -1 +1.0 -1.5 1 272 3 -1 +1.0 -0.5 1 -2.61551430e-06 1.91433888e-23
sigma+ 36 2 1 +1.0 -1.5 1 134 3 1 +1.0 -0.5 1 2.61551430e-06 -4.36118915e-21
sigma+ 22 2 1 +2.0 -1.5 1 21 2 1 +2.0 -0.5 1 3.08835060e-24 -2.61241193e-06
sigma+ 80 2 -1 +2.0 -1.5 1 79 2 -1 +2.0 -0.5 1 -3.08835062e-24 2.61241191e-06
sigma+ 64 3 1 +3.0 -2.5 2 63 3 1 +3.0 -1.5 2 2.60772530e-06 0.00000000e+00
sigma+ 188 3 -1 +3.0 -2.5 2 187 3 -1 +3.0 -1.5 2 -2.60772526e-06 0.00000000e+00
sigma+ 58 3 1 +3.0 +3.5 2 48 3 1 +3.0 +4.5 1 2.60638306e-06 0.00000000e+00
sigma+ 182 3 -1 +3.0 +3.5 2 172 3 -1 +3.0 +4.5 1 -2.60638303e-06 0.00000000e+00
sigma+ 126 2 -1 +0.0 -0.5 3 129 2 -1 +0.0 +0.5 4 2.59874042e-06 0.00000000e+00
sigma+ 15 1 1 +0.0 -1.5 2 165 3 1 +0.0 -0.5 3 2.59604395e-06 0.00000000e+00
sigma+ 189 3 -1 +3.0 -3.5 2 188 3 -1 +3.0 -2.5 2 -2.59178189e-06 0.00000000e+00
sigma+ 65 3 1 +3.0 -3.5 2 64 3 1 +3.0 -2.5 2 -2.59178184e-06 0.00000000e+00
sigma+ 6 1 1 +0.0 +2.5 1 154 3 1 +0.0 +3.5 2 2.58833912e-06 0.00000000e+00
sigma+ 121 2 -1 +0.0 -0.5 2 29 0 -1 +0.0 +0.5 1 -2.58568267e-06 0.00000000e+00
sigma+ 14 1 1 +0.0 -0.5 2 157 3 1 +0.0 +0.5 2 -2.56427896e-06 0.00000000e+00
sigma+ 123 2 -1 +0.0 -2.5 2 127 2 -1 +0.0 -1.5 3 2.56399880e-06 0.00000000e+00
sigma+ 163 3 1 +0.0 +1.5 3 162 3 1 +0.0 +2.5 3 -2.55851335e-06 0.00000000e+00
sigma+ 362 4 -1 +3.0 -0.5 3 192 3 -1 +3.0 +0.5 3 -2.55529385e-06 0.00000000e+00
sigma+ 258 4 1 +3.0 -0.5 3 68 3 1 +3.0 +0.5 3 -2.55529379e-06 0.00000000e+00
sigma+ 364 4 -1 +3.0 -2.5 3 196 3 -1 +3.0 -1.5 4 2.55091843e-06 0.00000000e+00
sigma+ 260 4 1 +3.0 -2.5 3 72 3 1 +3.0 -1.5 4 2.55091838e-06 0.00000000e+00
sigma+ 49 3 1 +3.0 +3.5 1 233 4 1 +3.0 +4.5 1 2.55017975e-06 0.00000000e+00
sigma+ 173 3 -1 +3.0 +3.5 1 337 4 -1 +3.0 +4.5 1 2.55017970e-06 0.00000000e+00
sigma+ 115 2 -1 +0.0 -1.5 1 414 4 -1 +0.0 -0.5 1 2.54879274e-06 0.00000000e+00
sigma+ 262 4 1 +3.0 -2.5 4 72 3 1 +3.0 -1.5 4 2.54720736e-06 0.00000000e+00
sigma+ 366 4 -1 +3.0 -2.5 4 196 3 -1 +3.0 -1.5 4 2.54720730e-06 0.00000000e+00
sigma+ 38 2 1 +1.0 -1.5 2 142 3 1 +1.0 -0.5 2 -2.54179000e-06 4.69406196e-18
sigma+ 106 2 -1 +1.0 -1.5 2 280 3 -1 +1.0 -0.5 2 -2.54177708e-06 1.27864000e-23
sigma+ 429 4 -1 +0.0 -4.5 2 117 2 -1 +0.0 -3.5 1 -2.53497084e-06 0.00000000e+00
sigma+ 440 4 -1 +0.0 -0.5 4 125 2 -1 +0.0 +0.5 3 2.53467625e-06 0.00000000e+00
sigma+ 360 4 -1 +3.0 +1.5 3 190 3 -1 +3.0 +2.5 3 2.51511812e-06 0.00000000e+00
sigma+ 256 4 1 +3.0 +1.5 3 66 3 1 +3.0 +2.5 3 2.51511811e-06 0.00000000e+00
sigma+ 142 3 1 +1.0 -0.5 2 5 1 1 +1.0 +0.5 2 6.66380244e-24 -2.51251668e-06
sigma+ 280 3 -1 +1.0 -0.5 2 47 1 -1 +1.0 +0.5 2 -1.30388034e-23 2.51250390e-06
sigma+ 61 3 1 +3.0 +0.5 2 67 3 1 +3.0 +1.5 3 2.50920950e-06 0.00000000e+00
sigma+ 185 3 -1 +3.0 +0.5 2 191 3 -1 +3.0 +1.5 3 2.50920948e-06 0.00000000e+00
sigma+ 167 3 1 +0.0 -2.5 3 168 3 1 +0.0 -1.5 4 -2.50834654e-06 0.00000000e+00
sigma+ 297 4 -1 +4.0 -1.5 2 296 4 -1 +4.0 -0.5 2 -2.50196951e-06 5.06524655e-24
sigma+ 215 4 1 +4.0 -1.5 2 214 4 1 +4.0 -0.5 2 1.50494776e-24 -2.50196950e-06
sigma+ 69 3 1 +3.0 -0.5 3 74 3 1 +3.0 +0.5 4 -2.50094285e-06 0.00000000e+00
sigma+ 193 3 -1 +3.0 -0.5 3 198 3 -1 +3.0 +0.5 4 -2.50094282e-06 0.00000000e+00
sigma+ 40 2 1 +1.0 +0.5 2 0 1 1 +1.0 +1.5 1 -2.49299326e-06 8.34876049e-24
sigma+ 108 2 -1 +1.0 +0.5 2 42 1 -1 +1.0 +1.5 1 2.49299326e-06 0.00000000e+00
sigma+ 153 3 1 +0.0 -4.5 1 161 3 1 +0.0 -3.5 2 -2.49098465e-06 0.00000000e+00
sigma+ 35 2 1 +1.0 -0.5 1 133 3 1 +1.0 +0.5 1 2.47161309e-06 1.37467280e-24
sigma+ 103 2 -1 +1.0 -0.5 1 271 3 -1 +1.0 +0.5 1 -2.47161308e-06 -1.94120320e-23
sigma+ 276 3 -1 +1.0 +2.5 2 400 4 -1 +1.0 +3.5 2 -3.16781753e-24 -2.46740053e-06
sigma+ 138 3 1 +1.0 +2.5 2 328 4 1 +1.0 +3.5 2 -2.46740053e-06 -1.76027839e-19
sigma+ 142 3 1 +1.0 -0.5 2 40 2 1 +1.0 +0.5 2 -4.50069015e-19 2.46719079e-06
sigma+ 280 3 -1 +1.0 -0.5 2 108 2 -1 +1.0 +0.5 2 1.25182066e-23 -2.46717824e-06
sigma+ 118 2 -1 +0.0 +2.5 2 430 4 -1 +0.0 +3.5 3 -2.46310388e-06 0.00000000e+00
sigma+ 141 3 1 +1.0 +0.5 2 41 2 1 +1.0 +1.5 2 -2.46190307e-06 4.53291222e-19
sigma+ 279 3 -1 +1.0 +0.5 2 109 2 -1 +1.0 +1.5 2 -2.46190307e-06 -3.24748629e-24
sigma+ 128 2 -1 +0.0 -0.5 4 29 0 -1 +0.0 +0.5 1 -2.46145600e-06 0.00000000e+00
sigma+ 13 1 1 +0.0 +0.5 2 7 1 1 +0.0 +1.5 1 2.45225616e-06 0.00000000e+00
sigma+ 193 3 -1 +3.0 -0.5 3 185 3 -1 +3.0 +0.5 2 2.45082859e-06 0.00000000e+00
sigma+ 69 3 1 +3.0 -0.5 3 61 3 1 +3.0 +0.5 2 2.45082857e-06 0.00000000e+00
sigma+ 118 2 -1 +0.0 +2.5 2 110 2 -1 +0.0 +3.5 1 -2.44864946e-06 0.00000000e+00
sigma+ 196 3 -1 +3.0 -1.5 4 197 3 -1 +3.0 -0.5 4 -2.44756304e-06 0.00000000e+00
sigma+ 72 3 1 +3.0 -1.5 4 73 3 1 +3.0 -0.5 4 2.44756303e-06 0.00000000e+00
sigma+ 157 3 1 +0.0 +0.5 2 7 1 1 +0.0 +1.5 1 -2.44559151e-06 0.00000000e+00
sigma+ 97 3 1 +2.0 -2.5 2 22 2 1 +2.0 -1.5 1 -2.44521848e-06 3.61936998e-40
sigma+ 229 3 -1 +2.0 -2.5 2 80 2 -1 +2.0 -1.5 1 -2.44521843e-06 3.54731520e-40
sigma+ 374 4 -1 +2.0 +2.5 1 218 3 -1 +2.0 +3.5 1 -2.43494646e-06 2.42006525e-20
sigma+ 302 4 1 +2.0 +2.5 1 86 3 1 +2.0 +3.5 1 2.19292450e-24 -2.43494646e-06
sigma+ 136 3 1 +1.0 -2.5 1 135 3 1 +1.0 -1.5 1 -8.58135280e-24 2.43286418e-06
sigma+ 274 3 -1 +1.0 -2.5 1 273 3 -1 +1.0 -1.5 1 -2.43286417e-06 -6.05550756e-25
sigma+ 75 3 1 +3.0 +1.5 4 66 3 1 +3.0 +2.5 3 2.43029353e-06 0.00000000e+00
sigma+ 199 3 -1 +3.0 +1.5 4 190 3 -1 +3.0 +2.5 3 -2.43029350e-06 0.00000000e+00
sigma+ 120 2 -1 +0.0 +0.5 2 124 2 -1 +0.0 +1.5 3 2.42643064e-06 0.00000000e+00
sigma+ 440 4 -1 +0.0 -0.5 4 129 2 -1 +0.0 +0.5 4 2.42263716e-06 0.00000000e+00
sigma+ 251 4 1 +3.0 -2.5 2 70 3 1 +3.0 -1.5 3 2.42097469e-06 0.00000000e+00
sigma+ 355 4 -1 +3.0 -2.5 2 194 3 -1 +3.0 -1.5 3 2.42097468e-06 0.00000000e+00
sigma+ 15 1 1 +0.0 -1.5 2 9 1 1 +0.0 -0.5 1 -2.41686664e-06 0.00000000e+00
sigma+ 43 1 -1 +1.0 +0.5 1 109 2 -1 +1.0 +1.5 2 -2.41255161e-06 -5.06262381e-24
sigma+ 1 1 1 +1.0 +0.5 1 41 2 1 +1.0 +1.5 2 -1.08901141e-24 -2.41255161e-06
sigma+ 364 4 -1 +3.0 -2.5 3 187 3 -1 +3.0 -1.5 2 2.41193557e-06 0.00000000e+00
sigma+ 260 4 1 +3.0 -2.5 3 63 3 1 +3.0 -1.5 2 -2.41193557e-06 0.00000000e+00
sigma+ 255 4 1 +3.0 +2.5 3 58 3 1 +3.0 +3.5 2 2.38942428e-06 0.00000000e+00
sigma+ 359 4 -1 +3.0 +2.5 3 182 3 -1 +3.0 +3.5 2 -2.38942422e-06 0.00000000e+00
sigma+ 363 4 -1 +3.0 -1.5 3 197 3 -1 +3.0 -0.5 4 -2.38939396e-06 0.00000000e+00
sigma+ 259 4 1 +3.0 -1.5 3 73 3 1 +3.0 -0.5 4 2.38939396e-06 0.00000000e+00
sigma+ 140 3 1 +1.0 -2.5 2 38 2 1 +1.0 -1.5 2 -2.38856046e-06 1.28049845e-40
sigma+ 278 3 -1 +1.0 -2.5 2 106 2 -1 +1.0 -1.5 2 -2.38856046e-06 1.55046543e-40
sigma+ 394 4 -1 +1.0 +0.5 1 101 2 -1 +1.0 +1.5 1 2.24128821e-24 -2.37723224e-06
sigma+ 322 4 1 +1.0 +0.5 1 33 2 1 +1.0 +1.5 1 1.63383514e-23 2.37723223e-06
sigma+ 132 3 1 +1.0 +1.5 1 131 3 1 +1.0 +2.5 1 -2.37206939e-06 6.99110247e-24
sigma+ 270 3 -1 +1.0 +1.5 1 269 3 -1 +1.0 +2.5 1 2.37206938e-06 2.05360243e-20
sigma+ 343 4 -1 +3.0 -1.5 1 177 3 -1 +3.0 -0.5 1 -2.36872996e-06 0.00000000e+00
sigma+ 239 4 1 +3.0 -1.5 1 53 3 1 +3.0 -0.5 1 2.36872995e-06 0.00000000e+00
sigma+ 25 2 1 +2.0 -0.5 2 313 4 1 +2.0 +0.5 2 2.35756921e-06 4.98177220e-24
sigma+ 83 2 -1 +2.0 -0.5 2 385 4 -1 +2.0 +0.5 2 2.35756921e-06 4.98177220e-24
sigma+ 370 4 -1 +3.0 +1.5 4 190 3 -1 +3.0 +2.5 3 -2.35362341e-06 0.00000000e+00
sigma+ 266 4 1 +3.0 +1.5 4 66 3 1 +3.0 +2.5 3 -2.35362341e-06 0.00000000e+00
sigma+ 305 4 1 +2.0 -0.5 1 20 2 1 +2.0 +0.5 1 -4.65970269e-24 2.35198549e-06
sigma+ 377 4 -1 +2.0 -0.5 1 78 2 -1 +2.0 +0.5 1 -4.65970271e-24 2.35198548e-06
sigma+ 78 2 -1 +2.0 +0.5 1 220 3 -1 +2.0 +1.5 1 2.11337388e-24 2.34661624e-06
sigma+ 20 2 1 +2.0 +0.5 1 88 3 1 +2.0 +1.5 1 -2.34661622e-06 -9.04892194e-24
sigma+ 23 2 1 +2.0 -2.5 1 99 3 1 +2.0 -1.5 2 -3.13895483e-23 -2.34156287e-06
sigma+ 81 2 -1 +2.0 -2.5 1 231 3 -1 +2.0 -1.5 2 -3.20842508e-23 -2.34156286e-06
sigma+ 168 3 1 +0.0 -1.5 4 17 1 1 +0.0 -0.5 3 2.33271798e-06 0.00000000e+00
sigma+ 407 4 -1 +1.0 -3.5 2 278 3 -1 +1.0 -2.5 2 -2.33252467e-06 -1.68504468e-25
sigma+ 335 4 1 +1.0 -3.5 2 140 3 1 +1.0 -2.5 2 -2.33252467e-06 -1.68504466e-25
sigma+ 47 1 -1 +1.0 +0.5 2 101 2 -1 +1.0 +1.5 1 -2.33101215e-06 -3.57220587e-24
sigma+ 5 1 1 +1.0 +0.5 2 33 2 1 +1.0 +1.5 1 1.33151878e-24 2.33101215e-06
sigma+ 424 4 -1 +0.0 +0.5 2 119 2 -1 +0.0 +1.5 2 2.32737279e-06 0.00000000e+00
sigma+ 107 2 -1 +1.0 -0.5 2 279 3 -1 +1.0 +0.5 2 -2.32638283e-06 -1.35898324e-23
sigma+ 39 2 1 +1.0 -0.5 2 141 3 1 +1.0 +0.5 2 2.32638282e-06 -1.60664576e-24
sigma+ 166 3 1 +0.0 -1.5 3 17 1 1 +0.0 -0.5 3 -2.32621833e-06 0.00000000e+00
sigma+ 234 4 1 +3.0 +3.5 1 48 3 1 +3.0 +4.5 1 2.32254862e-06 0.00000000e+00
sigma+ 338 4 -1 +3.0 +3.5 1 172 3 -1 +3.0 +4.5 1 2.32254860e-06 0.00000000e+00
sigma+ 147 3 1 +0.0 +1.5 1 146 3 1 +0.0 +2.5 1 2.30790858e-06 0.00000000e+00
sigma+ 168 3 1 +0.0 -1.5 4 165 3 1 +0.0 -0.5 3 2.30652034e-06 0.00000000e+00
sigma+ 89 3 1 +2.0 +0.5 1 303 4 1 +2.0 +1.5 1 -2.30557671e-06 3.12990191e-20
sigma+ 221 3 -1 +2.0 +0.5 1 375 4 -1 +2.0 +1.5 1 -2.30557670e-06 1.11901469e-23
sigma+ 183 3 -1 +3.0 +2.5 2 358 4 -1 +3.0 +3.5 3 2.30148497e-06 0.00000000e+00
sigma+ 59 3 1 +3.0 +2.5 2 254 4 1 +3.0 +3.5 3 -2.30148492e-06 0.00000000e+00
sigma+ 124 2 -1 +0.0 +1.5 3 118 2 -1 +0.0 +2.5 2 -2.29943595e-06 0.00000000e+00
sigma+ 433 4 -1 +0.0 +0.5 3 119 2 -1 +0.0 +1.5 2 2.29503059e-06 0.00000000e+00
sigma+ 350 4 -1 +3.0 +2.5 2 182 3 -1 +3.0 +3.5 2 -2.29490493e-06 0.00000000e+00
sigma+ 246 4 1 +3.0 +2.5 2 58 3 1 +3.0 +3.5 2 -2.29490489e-06 0.00000000e+00
sigma+ 64 3 1 +3.0 -2.5 2 259 4 1 +3.0 -1.5 3 -2.29250346e-06 0.00000000e+00
sigma+ 188 3 -1 +3.0 -2.5 2 363 4 -1 +3.0 -1.5 3 -2.29250344e-06 0.00000000e+00
sigma+ 225 3 -1 +2.0 -3.5 1 379 4 -1 +2.0 -2.5 1 9.26015363e-20 2.29208812e-06
sigma+ 93 3 1 +2.0 -3.5 1 307 4 1 +2.0 -2.5 1 -4.63042630e-20 2.29208812e-06
sigma+ 134 3 1 +1.0 -0.5 1 34 2 1 +1.0 +0.5 1 2.40324385e-21 2.28027190e-06
sigma+ 272 3 -1 +1.0 -0.5 1 102 2 -1 +1.0 +0.5 1 7.84517185e-24 -2.28027190e-06
sigma+ 288 4 -1 +4.0 -1.5 1 287 4 -1 +4.0 -0.5 1 -2.27860055e-06 4.35099123e-24
sigma+ 206 4 1 +4.0 -1.5 1 205 4 1 +4.0 -0.5 1 -1.24745851e-24 2.27860054e-06
sigma+ 73 3 1 +3.0 -0.5 4 68 3 1 +3.0 +0.5 3 2.27605047e-06 0.00000000e+00
sigma+ 197 3 -1 +3.0 -0.5 4 192 3 -1 +3.0 +0.5 3 -2.27605045e-06 0.00000000e+00
sigma+ 16 1 1 +0.0 +0.5 3 171 3 1 +0.0 +1.5 4 2.26935886e-06 0.00000000e+00
sigma+ 10 1 1 +0.0 -1.5 1 158 3 1 +0.0 -0.5 2 -2.26930057e-06 0.00000000e+00
sigma+ 418 4 -1 +0.0 -4.5 1 417 4 -1 +0.0 -3.5 1 -2.26861930e-06 0.00000000e+00
sigma+ 162 3 1 +0.0 +2.5 3 154 3 1 +0.0 +3.5 2 2.26293533e-06 0.00000000e+00
sigma+ 122 2 -1 +0.0 -1.5 2 114 2 -1 +0.0 -0.5 1 2.25878314e-06 0.00000000e+00
sigma+ 250 4 1 +3.0 -1.5 2 69 3 1 +3.0 -0.5 3 -2.25695684e-06 0.00000000e+00
sigma+ 354 4 -1 +3.0 -1.5 2 193 3 -1 +3.0 -0.5 3 2.25695680e-06 0.00000000e+00
sigma+ 21 2 1 +2.0 -0.5 1 304 4 1 +2.0 +0.5 1 -2.25539229e-06 -5.83674312e-24
sigma+ 79 2 -1 +2.0 -0.5 1 376 4 -1 +2.0 +0.5 1 2.25539229e-06 5.83674312e-24
sigma+ 23 2 1 +2.0 -2.5 1 24 2 1 +2.0 -1.5 2 -1.82067416e-23 -2.25529144e-06
sigma+ 81 2 -1 +2.0 -2.5 1 82 2 -1 +2.0 -1.5 2 1.82067414e-23 2.25529142e-06
sigma+ 434 4 -1 +0.0 -0.5 3 120 2 -1 +0.0 +0.5 2 2.24704866e-06 0.00000000e+00
sigma+ 185 3 -1 +3.0 +0.5 2 351 4 -1 +3.0 +1.5 2 2.23640152e-06 0.00000000e+00
sigma+ 61 3 1 +3.0 +0.5 2 247 4 1 +3.0 +1.5 2 2.23640151e-06 0.00000000e+00
sigma+ 62 3 1 +3.0 -0.5 2 68 3 1 +3.0 +0.5 3 -2.23466730e-06 0.00000000e+00
sigma+ 186 3 -1 +3.0 -0.5 2 192 3 -1 +3.0 +0.5 3 2.23466730e-06 0.00000000e+00
sigma+ 11 1 1 +0.0 -2.5 1 10 1 1 +0.0 -1.5 1 2.22927070e-06 0.00000000e+00
sigma+ 67 3 1 +3.0 +1.5 3 267 4 1 +3.0 +2.5 4 2.22755328e-06 0.00000000e+00
sigma+ 191 3 -1 +3.0 +1.5 3 371 4 -1 +3.0 +2.5 4 2.22755324e-06 0.00000000e+00
sigma+ 36 2 1 +1.0 -1.5 1 323 4 1 +1.0 -0.5 1 -1.97452720e-23 -2.22454058e-06
sigma+ 104 2 -1 +1.0 -1.5 1 395 4 -1 +1.0 -0.5 1 -2.22454057e-06 1.35705289e-20
sigma+ 113 2 -1 +0.0 +0.5 1 119 2 -1 +0.0 +1.5 2 2.21942984e-06 0.00000000e+00
sigma+ 113 2 -1 +0.0 +0.5 1 28 0 -1 +0.0 +1.5 1 2.21260134e-06 0.00000000e+00
sigma+ 121 2 -1 +0.0 -0.5 2 113 2 -1 +0.0 +0.5 1 -2.20956406e-06 0.00000000e+00
sigma+ 187 3 -1 +3.0 -1.5 2 177 3 -1 +3.0 -0.5 1 -2.20879897e-06 0.00000000e+00
sigma+ 63 3 1 +3.0 -1.5 2 53 3 1 +3.0 -0.5 1 -2.20879896e-06 0.00000000e+00
sigma+ 234 4 1 +3.0 +3.5 1 233 4 1 +3.0 +4.5 1 -2.19697575e-06 0.00000000e+00
sigma+ 338 4 -1 +3.0 +3.5 1 337 4 -1 +3.0 +4.5 1 -2.19697573e-06 0.00000000e+00
sigma+ 192 3 -1 +3.0 +0.5 3 199 3 -1 +3.0 +1.5 4 -2.19449298e-06 0.00000000e+00
sigma+ 68 3 1 +3.0 +0.5 3 75 3 1 +3.0 +1.5 4 -2.19449297e-06 0.00000000e+00
sigma+ 314 4 1 +2.0 -0.5 2 26 2 1 +2.0 +0.5 2 5.99734109e-24 -2.19212534e-06
sigma+ 386 4 -1 +2.0 -0.5 2 84 2 -1 +2.0 +0.5 2 -5.99734104e-24 2.19212534e-06
sigma+ 156 3 1 +0.0 +1.5 2 155 3 1 +0.0 +2.5 2 2.18418183e-06 0.00000000e+00
sigma+ 370 4 -1 +3.0 +1.5 4 371 4 -1 +3.0 +2.5 4 2.18124613e-06 0.00000000e+00
sigma+ 266 4 1 +3.0 +1.5 4 267 4 1 +3.0 +2.5 4 -2.18124612e-06 0.00000000e+00
sigma+ 158 3 1 +0.0 -0.5 2 8 1 1 +0.0 +0.5 1 -2.18026849e-06 0.00000000e+00
sigma+ 124 2 -1 +0.0 +1.5 3 443 4 -1 +0.0 +2.5 4 -2.17688394e-06 0.00000000e+00
sigma+ 128 2 -1 +0.0 -0.5 4 125 2 -1 +0.0 +0.5 3 -2.16965148e-06 0.00000000e+00
sigma+ 67 3 1 +3.0 +1.5 3 246 4 1 +3.0 +2.5 2 -2.16755045e-06 0.00000000e+00
sigma+ 191 3 -1 +3.0 +1.5 3 350 4 -1 +3.0 +2.5 2 -2.16755040e-06 0.00000000e+00
sigma+ 286 4 -1 +4.0 +0.5 1 285 4 -1 +4.0 +1.5 1 -2.16481894e-06 -8.36016772e-24
sigma+ 204 4 1 +4.0 +0.5 1 203 4 1 +4.0 +1.5 1 2.16481894e-06 2.33375940e-24
sigma+ 270 3 -1 +1.0 +1.5 1 100 2 -1 +1.0 +2.5 1 2.16479179e-06 -9.15829789e-24
sigma+ 132 3 1 +1.0 +1.5 1 32 2 1 +1.0 +2.5 1 -2.16479178e-06 2.69021313e-24
sigma+ 110 2 -1 +0.0 +3.5 1 420 4 -1 +0.0 +4.5 2 -2.16095228e-06 0.00000000e+00
sigma+ 356 4 -1 +3.0 -3.5 2 195 3 -1 +3.0 -2.5 3 2.15862114e-06 0.00000000e+00
sigma+ 252 4 1 +3.0 -3.5 2 71 3 1 +3.0 -2.5 3 -2.15862112e-06 0.00000000e+00
sigma+ 20 2 1 +2.0 +0.5 1 19 2 1 +2.0 +1.5 1 2.15801025e-06 -4.56709685e-24
sigma+ 78 2 -1 +2.0 +0.5 1 77 2 -1 +2.0 +1.5 1 2.15801025e-06 -4.56709684e-24
sigma+ 10 1 1 +0.0 -1.5 1 149 3 1 +0.0 -0.5 1 2.15615378e-06 0.00000000e+00
sigma+ 122 2 -1 +0.0 -1.5 2 434 4 -1 +0.0 -0.5 3 2.15487546e-06 0.00000000e+00
sigma+ 360 4 -1 +3.0 +1.5 3 183 3 -1 +3.0 +2.5 2 2.14887261e-06 0.00000000e+00
sigma+ 256 4 1 +3.0 +1.5 3 59 3 1 +3.0 +2.5 2 -2.14887260e-06 0.00000000e+00
sigma+ 166 3 1 +0.0 -1.5 3 158 3 1 +0.0 -0.5 2 -2.14732160e-06 0.00000000e+00
sigma+ 252 4 1 +3.0 -3.5 2 55 3 1 +3.0 -2.5 1 -2.14670437e-06 0.00000000e+00
sigma+ 356 4 -1 +3.0 -3.5 2 179 3 -1 +3.0 -2.5 1 -2.14670437e-06 0.00000000e+00
sigma+ 291 4 -1 +4.0 -4.5 1 299 4 -1 +4.0 -3.5 2 -1.63675507e-23 2.14624947e-06
sigma+ 209 4 1 +4.0 -4.5 1 217 4 1 +4.0 -3.5 2 2.14624943e-06 1.16591905e-23
sigma+ 357 4 -1 +3.0 -4.5 2 180 3 -1 +3.0 -3.5 1 -2.13437072e-06 0.00000000e+00
sigma+ 253 4 1 +3.0 -4.5 2 56 3 1 +3.0 -3.5 1 -2.13437063e-06 0.00000000e+00
sigma+ 122 2 -1 +0.0 -1.5 2 425 4 -1 +0.0 -0.5 2 -2.12968880e-06 0.00000000e+00
sigma+ 122 2 -1 +0.0 -1.5 2 128 2 -1 +0.0 -0.5 4 -2.12447433e-06 0.00000000e+00
sigma+ 165 3 1 +0.0 -0.5 3 16 1 1 +0.0 +0.5 3 -2.11147469e-06 0.00000000e+00
sigma+ 176 3 -1 +3.0 +0.5 1 184 3 -1 +3.0 +1.5 2 2.10306292e-06 0.00000000e+00
sigma+ 52 3 1 +3.0 +0.5 1 60 3 1 +3.0 +1.5 2 -2.10306290e-06 0.00000000e+00
sigma+ 438 4 -1 +0.0 -2.5 4 439 4 -1 +0.0 -1.5 4 2.10030411e-06 0.00000000e+00
sigma+ 417 4 -1 +0.0 -3.5 1 416 4 -1 +0.0 -2.5 1 2.08731586e-06 0.00000000e+00
sigma+ 160 3 1 +0.0 -2.5 2 159 3 1 +0.0 -1.5 2 2.08583300e-06 0.00000000e+00
sigma+ 154 3 1 +0.0 +3.5 2 144 3 1 +0.0 +4.5 1 -2.08381096e-06 0.00000000e+00
sigma+ 180 3 -1 +3.0 -3.5 1 355 4 -1 +3.0 -2.5 2 2.08163931e-06 0.00000000e+00
sigma+ 56 3 1 +3.0 -3.5 1 251 4 1 +3.0 -2.5 2 -2.08163929e-06 0.00000000e+00
sigma+ 60 3 1 +3.0 +1.5 2 255 4 1 +3.0 +2.5 3 -2.07895339e-06 0.00000000e+00
sigma+ 184 3 -1 +3.0 +1.5 2 359 4 -1 +3.0 +2.5 3 2.07895336e-06 0.00000000e+00
sigma+ 57 3 1 +3.0 -4.5 1 252 4 1 +3.0 -3.5 2 2.07233293e-06 0.00000000e+00
sigma+ 181 3 -1 +3.0 -4.5 1 356 4 -1 +3.0 -3.5 2 2.07233292e-06 0.00000000e+00
sigma+ 161 3 1 +0.0 -3.5 2 160 3 1 +0.0 -2.5 2 -2.07072421e-06 0.00000000e+00
sigma+ 9 1 1 +0.0 -0.5 1 157 3 1 +0.0 +0.5 2 -2.06719011e-06 0.00000000e+00
sigma+ 181 3 -1 +3.0 -4.5 1 345 4 -1 +3.0 -3.5 1 2.05977385e-06 0.00000000e+00
sigma+ 57 3 1 +3.0 -4.5 1 241 4 1 +3.0 -3.5 1 2.05977383e-06 0.00000000e+00
sigma+ 378 4 -1 +2.0 -1.5 1 222 3 -1 +2.0 -0.5 1 2.05714454e-06 8.02272923e-21
sigma+ 306 4 1 +2.0 -1.5 1 90 3 1 +2.0 -0.5 1 -2.05714454e-06 4.03388696e-21
sigma+ 337 4 -1 +3.0 +4.5 1 336 4 -1 +3.0 +5.5 1 2.05362318e-06 0.00000000e+00
sigma+ 233 4 1 +3.0 +4.5 1 232 4 1 +3.0 +5.5 1 2.05362316e-06 0.00000000e+00
sigma+ 195 3 -1 +3.0 -2.5 3 363 4 -1 +3.0 -1.5 3 2.04870340e-06 0.00000000e+00
sigma+ 71 3 1 +3.0 -2.5 3 259 4 1 +3.0 -1.5 3 2.04870337e-06 0.00000000e+00
sigma+ 195 3 -1 +3.0 -2.5 3 187 3 -1 +3.0 -1.5 2 -2.04346594e-06 0.00000000e+00
sigma+ 71 3 1 +3.0 -2.5 3 63 3 1 +3.0 -1.5 2 2.04346589e-06 0.00000000e+00
sigma+ 121 2 -1 +0.0 -0.5 2 125 2 -1 +0.0 +0.5 3 2.03857068e-06 0.00000000e+00
sigma+ 13 1 1 +0.0 +0.5 2 12 1 1 +0.0 +1.5 2 2.03451645e-06 0.00000000e+00
sigma+ 74 3 1 +3.0 +0.5 4 256 4 1 +3.0 +1.5 3 2.03003394e-06 0.00000000e+00
sigma+ 198 3 -1 +3.0 +0.5 4 360 4 -1 +3.0 +1.5 3 -2.03003393e-06 0.00000000e+00
sigma+ 128 2 -1 +0.0 -0.5 4 129 2 -1 +0.0 +0.5 4 2.02385911e-06 0.00000000e+00
sigma+ 419 4 -1 +0.0 -5.5 1 418 4 -1 +0.0 -4.5 1 -2.02062674e-06 0.00000000e+00
sigma+ 186 3 -1 +3.0 -0.5 2 176 3 -1 +3.0 +0.5 1 2.01970261e-06 0.00000000e+00
sigma+ 62 3 1 +3.0 -0.5 2 52 3 1 +3.0 +0.5 1 2.01970260e-06 0.00000000e+00
sigma+ 103 2 -1 +1.0 -0.5 1 47 1 -1 +1.0 +0.5 2 2.01588451e-06 -5.04872149e-24
sigma+ 35 2 1 +1.0 -0.5 1 5 1 1 +1.0 +0.5 2 -6.02511141e-24 2.01588447e-06
sigma+ 135 3 1 +1.0 -1.5 1 323 4 1 +1.0 -0.5 1 2.01471377e-06 -1.67458821e-23
sigma+ 273 3 -1 +1.0 -1.5 1 395 4 -1 +1.0 -0.5 1 -2.01471377e-06 1.77712382e-37
sigma+ 143 3 1 +1.0 -1.5 2 332 4 1 +1.0 -0.5 2 2.01212208e-06 -1.47129585e-23
sigma+ 281 3 -1 +1.0 -1.5 2 404 4 -1 +1.0 -0.5 2 -2.01211183e-06 2.15688993e-32
sigma+ 394 4 -1 +1.0 +0.5 1 270 3 -1 +1.0 +1.5 1 -2.01009964e-06 2.31437017e-20
sigma+ 322 4 1 +1.0 +0.5 1 132 3 1 +1.0 +1.5 1 -8.45778433e-24 -2.01009964e-06
sigma+ 127 2 -1 +0.0 -1.5 3 121 2 -1 +0.0 -0.5 2 2.00914413e-06 0.00000000e+00
sigma+ 188 3 -1 +3.0 -2.5 2 178 3 -1 +3.0 -1.5 1 -2.00689896e-06 0.00000000e+00
sigma+ 64 3 1 +3.0 -2.5 2 54 3 1 +3.0 -1.5 1 -2.00689895e-06 0.00000000e+00
sigma+ 157 3 1 +0.0 +0.5 2 163 3 1 +0.0 +1.5 3 2.00674924e-06 0.00000000e+00
sigma+ 403 4 -1 +1.0 +0.5 2 277 3 -1 +1.0 +1.5 2 2.00181026e-06 -1.22313497e-18
sigma+ 331 4 1 +1.0 +0.5 2 139 3 1 +1.0 +1.5 2 -4.45194017e-24 -2.00181026e-06
sigma+ 165 3 1 +0.0 -0.5 3 170 3 1 +0.0 +0.5 4 1.99974583e-06 0.00000000e+00
sigma+ 199 3 -1 +3.0 +1.5 4 359 4 -1 +3.0 +2.5 3 -1.98625301e-06 0.00000000e+00
sigma+ 75 3 1 +3.0 +1.5 4 255 4 1 +3.0 +2.5 3 1.98625292e-06 0.00000000e+00
sigma+ 106 2 -1 +1.0 -1.5 2 404 4 -1 +1.0 -0.5 2 1.98367492e-06 -5.09861842e-21
sigma+ 38 2 1 +1.0 -1.5 2 332 4 1 +1.0 -0.5 2 -1.50611690e-23 -1.98367492e-06
sigma+ 54 3 1 +3.0 -1.5 1 53 3 1 +3.0 -0.5 1 1.98295520e-06 0.00000000e+00
sigma+ 178 3 -1 +3.0 -1.5 1 177 3 -1 +3.0 -0.5 1 -1.98295519e-06 0.00000000e+00
sigma+ 68 3 1 +3.0 +0.5 3 247 4 1 +3.0 +1.5 2 -1.98217641e-06 0.00000000e+00
sigma+ 192 3 -1 +3.0 +0.5 3 351 4 -1 +3.0 +1.5 2 -1.98217638e-06 0.00000000e+00
sigma+ 412 4 -1 +0.0 +1.5 1 111 2 -1 +0.0 +2.5 1 1.97762993e-06 0.00000000e+00
sigma+ 10 1 1 +0.0 -1.5 1 9 1 1 +0.0 -0.5 1 -1.97024283e-06 0.00000000e+00
sigma+ 51 3 1 +3.0 +1.5 1 59 3 1 +3.0 +2.5 2 1.96683922e-06 0.00000000e+00
sigma+ 175 3 -1 +3.0 +1.5 1 183 3 -1 +3.0 +2.5 2 1.96683921e-06 0.00000000e+00
sigma+ 165 3 1 +0.0 -0.5 3 157 3 1 +0.0 +0.5 2 1.96105464e-06 0.00000000e+00
sigma+ 105 2 -1 +1.0 -2.5 1 273 3 -1 +1.0 -1.5 1 -1.95867902e-06 3.70206548e-25
sigma+ 37 2 1 +1.0 -2.5 1 135 3 1 +1.0 -1.5 1 -5.78850775e-21 1.95867900e-06
sigma+ 66 3 1 +3.0 +2.5 3 245 4 1 +3.0 +3.5 2 1.95554672e-06 0.00000000e+00
sigma+ 190 3 -1 +3.0 +2.5 3 349 4 -1 +3.0 +3.5 2 -1.95554664e-06 0.00000000e+00
sigma+ 60 3 1 +3.0 +1.5 2 66 3 1 +3.0 +2.5 3 1.95449501e-06 0.00000000e+00
sigma+ 184 3 -1 +3.0 +1.5 2 190 3 -1 +3.0 +2.5 3 -1.95449496e-06 0.00000000e+00
sigma+ 168 3 1 +0.0 -1.5 4 169 3 1 +0.0 -0.5 4 -1.95252346e-06 0.00000000e+00
sigma+ 439 4 -1 +0.0 -1.5 4 126 2 -1 +0.0 -0.5 3 -1.94913389e-06 0.00000000e+00
sigma+ 171 3 1 +0.0 +1.5 4 162 3 1 +0.0 +2.5 3 -1.94248641e-06 0.00000000e+00
sigma+ 441 4 -1 +0.0 +0.5 4 124 2 -1 +0.0 +1.5 3 -1.93379928e-06 0.00000000e+00
sigma+ 65 3 1 +3.0 -3.5 2 251 4 1 +3.0 -2.5 2 -1.92953103e-06 0.00000000e+00
sigma+ 189 3 -1 +3.0 -3.5 2 355 4 -1 +3.0 -2.5 2 1.92953098e-06 0.00000000e+00
sigma+ 33 2 1 +1.0 +1.5 1 32 2 1 +1.0 +2.5 1 -1.92747599e-06 0.00000000e+00
sigma+ 101 2 -1 +1.0 +1.5 1 100 2 -1 +1.0 +2.5 1 8.86393208e-24 1.92747599e-06
sigma+ 380 4 -1 +2.0 -3.5 1 224 3 -1 +2.0 -2.5 1 -1.92722989e-06 -5.39379534e-24
sigma+ 308 4 1 +2.0 -3.5 1 92 3 1 +2.0 -2.5 1 -1.92722986e-06 -5.39379540e-24
sigma+ 246 4 1 +3.0 +2.5 2 49 3 1 +3.0 +3.5 1 -1.92501060e-06 0.00000000e+00
sigma+ 350 4 -1 +3.0 +2.5 2 173 3 -1 +3.0 +3.5 1 1.92501057e-06 0.00000000e+00
sigma+ 442 4 -1 +0.0 +1.5 4 443 4 -1 +0.0 +2.5 4 1.92370978e-06 0.00000000e+00
sigma+ 242 4 1 +3.0 -4.5 1 241 4 1 +3.0 -3.5 1 -1.92055608e-06 0.00000000e+00
sigma+ 346 4 -1 +3.0 -4.5 1 345 4 -1 +3.0 -3.5 1 -1.92055607e-06 0.00000000e+00
sigma+ 17 1 1 +0.0 -0.5 3 164 3 1 +0.0 +0.5 3 -1.92010889e-06 0.00000000e+00
sigma+ 349 4 -1 +3.0 +3.5 2 172 3 -1 +3.0 +4.5 1 -1.91960266e-06 0.00000000e+00
sigma+ 245 4 1 +3.0 +3.5 2 48 3 1 +3.0 +4.5 1 1.91960263e-06 0.00000000e+00
sigma+ 410 4 -1 +0.0 +3.5 1 409 4 -1 +0.0 +4.5 1 1.91766011e-06 0.00000000e+00
sigma+ 4 1 1 +1.0 -0.5 2 1 1 1 +1.0 +0.5 1 2.66591887e-24 -1.91746317e-06
sigma+ 2 1 1 +1.0 -0.5 1 5 1 1 +1.0 +0.5 2 -2.94064857e-24 1.91746317e-06
sigma+ 46 1 -1 +1.0 -0.5 2 43 1 -1 +1.0 +0.5 1 -3.57683004e-24 1.91746317e-06
sigma+ 44 1 -1 +1.0 -0.5 1 47 1 -1 +1.0 +0.5 2 -3.41896278e-24 1.91746317e-06
sigma+ 387 4 -1 +2.0 -1.5 2 230 3 -1 +2.0 -0.5 2 -1.90794141e-06 5.74153255e-18
sigma+ 315 4 1 +2.0 -1.5 2 98 3 1 +2.0 -0.5 2 -1.90794140e-06 -2.87070837e-18
sigma+ 407 4 -1 +1.0 -3.5 2 406 4 -1 +1.0 -2.5 2 -1.90560751e-06 2.86930057e-24
sigma+ 335 4 1 +1.0 -3.5 2 334 4 1 +1.0 -2.5 2 1.32465392e-25 1.90560751e-06
sigma+ 344 4 -1 +3.0 -2.5 1 187 3 -1 +3.0 -1.5 2 1.90559232e-06 0.00000000e+00
sigma+ 240 4 1 +3.0 -2.5 1 63 3 1 +3.0 -1.5 2 1.90559229e-06 0.00000000e+00
sigma+ 156 3 1 +0.0 +1.5 2 6 1 1 +0.0 +2.5 1 1.90533372e-06 0.00000000e+00
sigma+ 339 4 -1 +3.0 +2.5 1 338 4 -1 +3.0 +3.5 1 1.90127183e-06 0.00000000e+00
sigma+ 235 4 1 +3.0 +2.5 1 234 4 1 +3.0 +3.5 1 -1.90127182e-06 0.00000000e+00
sigma+ 115 2 -1 +0.0 -1.5 1 114 2 -1 +0.0 -0.5 1 -1.90074574e-06 0.00000000e+00
sigma+ 119 2 -1 +0.0 +1.5 2 118 2 -1 +0.0 +2.5 2 -1.89782634e-06 0.00000000e+00
sigma+ 321 4 1 +1.0 +1.5 1 131 3 1 +1.0 +2.5 1 1.10859483e-23 -1.88638204e-06
sigma+ 393 4 -1 +1.0 +1.5 1 269 3 -1 +1.0 +2.5 1 1.88638203e-06 -5.67669841e-25
sigma+ 241 4 1 +3.0 -3.5 1 64 3 1 +3.0 -2.5 2 1.88322104e-06 0.00000000e+00
sigma+ 345 4 -1 +3.0 -3.5 1 188 3 -1 +3.0 -2.5 2 -1.88322104e-06 0.00000000e+00
sigma+ 255 4 1 +3.0 +2.5 3 254 4 1 +3.0 +3.5 3 1.87849362e-06 0.00000000e+00
sigma+ 359 4 -1 +3.0 +2.5 3 358 4 -1 +3.0 +3.5 3 1.87849360e-06 0.00000000e+00
sigma+ 398 4 -1 +1.0 -3.5 1 397 4 -1 +1.0 -2.5 1 -1.87817526e-06 3.22647963e-24
sigma+ 326 4 1 +1.0 -3.5 1 325 4 1 +1.0 -2.5 1 5.29042675e-25 1.87817526e-06
sigma+ 82 2 -1 +2.0 -1.5 2 79 2 -1 +2.0 -0.5 1 1.99867413e-24 1.87753761e-06
sigma+ 24 2 1 +2.0 -1.5 2 21 2 1 +2.0 -0.5 1 -1.99867415e-24 -1.87753760e-06
sigma+ 194 3 -1 +3.0 -1.5 3 193 3 -1 +3.0 -0.5 3 1.87683947e-06 0.00000000e+00
sigma+ 70 3 1 +3.0 -1.5 3 69 3 1 +3.0 -0.5 3 -1.87683944e-06 0.00000000e+00
sigma+ 50 3 1 +3.0 +2.5 1 245 4 1 +3.0 +3.5 2 -1.87636817e-06 0.00000000e+00
sigma+ 174 3 -1 +3.0 +2.5 1 349 4 -1 +3.0 +3.5 2 1.87636815e-06 0.00000000e+00
sigma+ 349 4 -1 +3.0 +3.5 2 348 4 -1 +3.0 +4.5 2 -1.87597475e-06 0.00000000e+00
sigma+ 245 4 1 +3.0 +3.5 2 244 4 1 +3.0 +4.5 2 1.87597475e-06 0.00000000e+00
sigma+ 141 3 1 +1.0 +0.5 2 139 3 1 +1.0 +1.5 2 -1.86869905e-06 -2.28251541e-23
sigma+ 279 3 -1 +1.0 +0.5 2 277 3 -1 +1.0 +1.5 2 -3.75578611e-18 -1.86869905e-06
sigma+ 173 3 -1 +3.0 +3.5 1 348 4 -1 +3.0 +4.5 2 1.86854849e-06 0.00000000e+00
sigma+ 49 3 1 +3.0 +3.5 1 244 4 1 +3.0 +4.5 2 1.86854848e-06 0.00000000e+00
sigma+ 29 0 -1 +0.0 +0.5 1 119 2 -1 +0.0 +1.5 2 1.86568744e-06 0.00000000e+00
sigma+ 409 4 -1 +0.0 +4.5 1 408 4 -1 +0.0 +5.5 1 -1.85408740e-06 0.00000000e+00
sigma+ 224 3 -1 +2.0 -2.5 1 82 2 -1 +2.0 -1.5 2 -1.85326399e-06 4.68036965e-40
sigma+ 92 3 1 +2.0 -2.5 1 24 2 1 +2.0 -1.5 2 -1.85326393e-06 4.77543981e-40
sigma+ 428 4 -1 +0.0 -3.5 2 427 4 -1 +0.0 -2.5 2 1.85306923e-06 0.00000000e+00
sigma+ 350 4 -1 +3.0 +2.5 2 349 4 -1 +3.0 +3.5 2 -1.85175842e-06 0.00000000e+00
sigma+ 246 4 1 +3.0 +2.5 2 245 4 1 +3.0 +3.5 2 -1.85175841e-06 0.00000000e+00
sigma+ 249 4 1 +3.0 -0.5 2 68 3 1 +3.0 +0.5 3 -1.84982556e-06 0.00000000e+00
sigma+ 353 4 -1 +3.0 -0.5 2 192 3 -1 +3.0 +0.5 3 -1.84982553e-06 0.00000000e+00
sigma+ 43 1 -1 +1.0 +0.5 1 42 1 -1 +1.0 +1.5 1 -1.84629030e-06 3.61213620e-24
sigma+ 1 1 1 +1.0 +0.5 1 0 1 1 +1.0 +1.5 1 -1.84629030e-06 2.27447640e-24
sigma+ 126 2 -1 +0.0 -0.5 3 29 0 -1 +0.0 +0.5 1 1.84461914e-06 0.00000000e+00
sigma+ 272 3 -1 +1.0 -0.5 1 394 4 -1 +1.0 +0.5 1 1.83698030e-06 5.23287370e-24
sigma+ 134 3 1 +1.0 -0.5 1 322 4 1 +1.0 +0.5 1 -1.82334490e-23 1.83698030e-06
sigma+ 404 4 -1 +1.0 -0.5 2 279 3 -1 +1.0 +0.5 2 -1.33807729e-18 1.83553613e-06
sigma+ 332 4 1 +1.0 -0.5 2 141 3 1 +1.0 +0.5 2 1.55765640e-24 -1.83553612e-06
sigma+ 95 3 1 +2.0 +1.5 2 18 2 1 +2.0 +2.5 1 1.83382655e-06 -1.32092829e-24
sigma+ 227 3 -1 +2.0 +1.5 2 76 2 -1 +2.0 +2.5 1 -7.40214871e-24 1.83382651e-06
sigma+ 424 4 -1 +0.0 +0.5 2 112 2 -1 +0.0 +1.5 1 1.83353880e-06 0.00000000e+00
sigma+ 53 3 1 +3.0 -0.5 1 61 3 1 +3.0 +0.5 2 -1.83275312e-06 0.00000000e+00
sigma+ 177 3 -1 +3.0 -0.5 1 185 3 -1 +3.0 +0.5 2 1.83275311e-06 0.00000000e+00
sigma+ 274 3 -1 +1.0 -2.5 1 396 4 -1 +1.0 -1.5 1 1.97322964e-24 -1.82982357e-06
sigma+ 136 3 1 +1.0 -2.5 1 324 4 1 +1.0 -1.5 1 -6.83032517e-24 1.82982356e-06
sigma+ 112 2 -1 +0.0 +1.5 1 118 2 -1 +0.0 +2.5 2 1.82892767e-06 0.00000000e+00
sigma+ 15 1 1 +0.0 -1.5 2 17 1 1 +0.0 -0.5 3 -1.82537793e-06 0.00000000e+00
sigma+ 223 3 -1 +2.0 -1.5 1 83 2 -1 +2.0 -0.5 2 -1.59970226e-23 1.82509987e-06
sigma+ 91 3 1 +2.0 -1.5 1 25 2 1 +2.0 -0.5 2 -1.54555459e-23 1.82509987e-06
sigma+ 114 2 -1 +0.0 -0.5 1 120 2 -1 +0.0 +0.5 2 1.82107389e-06 0.00000000e+00
sigma+ 169 3 1 +0.0 -0.5 4 164 3 1 +0.0 +0.5 3 1.81884980e-06 0.00000000e+00
sigma+ 252 4 1 +3.0 -3.5 2 64 3 1 +3.0 -2.5 2 -1.81312027e-06 0.00000000e+00
sigma+ 356 4 -1 +3.0 -3.5 2 188 3 -1 +3.0 -2.5 2 1.81312026e-06 0.00000000e+00
sigma+ 369 4 -1 +3.0 +0.5 4 191 3 -1 +3.0 +1.5 3 1.80200172e-06 0.00000000e+00
sigma+ 265 4 1 +3.0 +0.5 4 67 3 1 +3.0 +1.5 3 -1.80200170e-06 0.00000000e+00
sigma+ 327 4 1 +1.0 -4.5 1 326 4 1 +1.0 -3.5 1 -6.08245823e-24 -1.79738112e-06
sigma+ 399 4 -1 +1.0 -4.5 1 398 4 -1 +1.0 -3.5 1 1.79738112e-06 -2.40332183e-24
sigma+ 108 2 -1 +1.0 +0.5 2 109 2 -1 +1.0 +1.5 2 -1.78954842e-06 -7.50824681e-24
sigma+ 40 2 1 +1.0 +0.5 2 41 2 1 +1.0 +1.5 2 5.71051080e-25 1.78954842e-06
sigma+ 123 2 -1 +0.0 -2.5 2 435 4 -1 +0.0 -1.5 3 1.78905982e-06 0.00000000e+00
sigma+ 158 3 1 +0.0 -0.5 2 164 3 1 +0.0 +0.5 3 1.78721481e-06 0.00000000e+00
sigma+ 142 3 1 +1.0 -0.5 2 331 4 1 +1.0 +0.5 2 1.64539872e-23 -1.77428875e-06
sigma+ 280 3 -1 +1.0 -0.5 2 403 4 -1 +1.0 +0.5 2 -1.77427972e-06 -6.88954859e-24
sigma+ 133 3 1 +1.0 +0.5 1 0 1 1 +1.0 +1.5 1 0.00000000e+00 -1.77354872e-06
sigma+ 271 3 -1 +1.0 +0.5 1 42 1 -1 +1.0 +1.5 1 -1.77354871e-06 1.36394875e-23
sigma+ 187 3 -1 +3.0 -1.5 2 186 3 -1 +3.0 -0.5 2 1.77174387e-06 0.00000000e+00
sigma+ 63 3 1 +3.0 -1.5 2 62 3 1 +3.0 -0.5 2 1.77174387e-06 0.00000000e+00
sigma+ 159 3 1 +0.0 -1.5 2 149 3 1 +0.0 -0.5 1 -1.76723126e-06 0.00000000e+00
sigma+ 140 3 1 +1.0 -2.5 2 3 1 1 +1.0 -1.5 1 1.76662739e-06 1.46325152e-24
sigma+ 278 3 -1 +1.0 -2.5 2 45 1 -1 +1.0 -1.5 1 -1.76662736e-06 -1.83308468e-25
sigma+ 403 4 -1 +1.0 +0.5 2 109 2 -1 +1.0 +1.5 2 -5.01852946e-24 1.76389332e-06
sigma+ 331 4 1 +1.0 +0.5 2 41 2 1 +1.0 +1.5 2 1.21229674e-23 1.76389332e-06
sigma+ 395 4 -1 +1.0 -0.5 1 271 3 -1 +1.0 +0.5 1 2.53785654e-20 -1.75923210e-06
sigma+ 323 4 1 +1.0 -0.5 1 133 3 1 +1.0 +0.5 1 -2.84740041e-24 1.75923210e-06
sigma+ 343 4 -1 +3.0 -1.5 1 186 3 -1 +3.0 -0.5 2 -1.75897742e-06 0.00000000e+00
sigma+ 239 4 1 +3.0 -1.5 1 62 3 1 +3.0 -0.5 2 1.75897740e-06 0.00000000e+00
sigma+ 19 2 1 +2.0 +1.5 1 94 3 1 +2.0 +2.5 2 -1.75776086e-06 -5.51206566e-24
sigma+ 77 2 -1 +2.0 +1.5 1 226 3 -1 +2.0 +2.5 2 5.51206563e-24 -1.75776085e-06
sigma+ 347 4 -1 +3.0 -5.5 1 346 4 -1 +3.0 -4.5 1 -1.75753976e-06 0.00000000e+00
sigma+ 243 4 1 +3.0 -5.5 1 242 4 1 +3.0 -4.5 1 -1.75753971e-06 0.00000000e+00
sigma+ 183 3 -1 +3.0 +2.5 2 338 4 -1 +3.0 +3.5 1 1.75601195e-06 0.00000000e+00
sigma+ 59 3 1 +3.0 +2.5 2 234 4 1 +3.0 +3.5 1 -1.75601194e-06 0.00000000e+00
sigma+ 164 3 1 +0.0 +0.5 3 171 3 1 +0.0 +1.5 4 -1.75320952e-06 0.00000000e+00
sigma+ 223 3 -1 +2.0 -1.5 1 79 2 -1 +2.0 -0.5 1 1.53449623e-23 -1.75070633e-06
sigma+ 91 3 1 +2.0 -1.5 1 21 2 1 +2.0 -0.5 1 1.48255568e-23 -1.75070632e-06
sigma+ 121 2 -1 +0.0 -0.5 2 433 4 -1 +0.0 +0.5 3 -1.74831686e-06 0.00000000e+00
sigma+ 258 4 1 +3.0 -0.5 3 74 3 1 +3.0 +0.5 4 1.74755535e-06 0.00000000e+00
sigma+ 362 4 -1 +3.0 -0.5 3 198 3 -1 +3.0 +0.5 4 1.74755524e-06 0.00000000e+00
sigma+ 129 2 -1 +0.0 +0.5 4 124 2 -1 +0.0 +1.5 3 1.74751137e-06 0.00000000e+00
sigma+ 157 3 1 +0.0 +0.5 2 12 1 1 +0.0 +1.5 2 -1.74352516e-06 0.00000000e+00
sigma+ 11 1 1 +0.0 -2.5 1 159 3 1 +0.0 -1.5 2 1.74257625e-06 0.00000000e+00
sigma+ 37 2 1 +1.0 -2.5 1 36 2 1 +1.0 -1.5 1 1.74179969e-06 3.33772786e-24
sigma+ 105 2 -1 +1.0 -2.5 1 104 2 -1 +1.0 -1.5 1 1.74179968e-06 6.39833011e-24
sigma+ 366 4 -1 +3.0 -2.5 4 367 4 -1 +3.0 -1.5 4 -1.73898100e-06 0.00000000e+00
sigma+ 262 4 1 +3.0 -2.5 4 263 4 1 +3.0 -1.5 4 1.73898098e-06 0.00000000e+00
sigma+ 68 3 1 +3.0 +0.5 3 266 4 1 +3.0 +1.5 4 -1.73468724e-06 0.00000000e+00
sigma+ 192 3 -1 +3.0 +0.5 3 370 4 -1 +3.0 +1.5 4 1.73468723e-06 0.00000000e+00
sigma+ 184 3 -1 +3.0 +1.5 2 339 4 -1 +3.0 +2.5 1 1.73329533e-06 0.00000000e+00
sigma+ 60 3 1 +3.0 +1.5 2 235 4 1 +3.0 +2.5 1 1.73329532e-06 0.00000000e+00
sigma+ 210 4 1 +4.0 +3.5 2 200 4 1 +4.0 +4.5 1 -1.72827103e-06 1.42074894e-24
sigma+ 292 4 -1 +4.0 +3.5 2 282 4 -1 +4.0 +4.5 1 -6.58999896e-24 -1.72827102e-06
sigma+ 192 3 -1 +3.0 +0.5 3 191 3 -1 +3.0 +1.5 3 1.72765284e-06 0.00000000e+00
sigma+ 68 3 1 +3.0 +0.5 3 67 3 1 +3.0 +1.5 3 1.72765282e-06 0.00000000e+00
sigma+ 9 1 1 +0.0 -0.5 1 13 1 1 +0.0 +0.5 2 1.72525094e-06 0.00000000e+00
sigma+ 127 2 -1 +0.0 -1.5 3 434 4 -1 +0.0 -0.5 3 1.72080979e-06 0.00000000e+00
sigma+ 429 4 -1 +0.0 -4.5 2 428 4 -1 +0.0 -3.5 2 -1.72032998e-06 0.00000000e+00
sigma+ 192 3 -1 +3.0 +0.5 3 360 4 -1 +3.0 +1.5 3 -1.71577537e-06 0.00000000e+00
sigma+ 68 3 1 +3.0 +0.5 3 256 4 1 +3.0 +1.5 3 1.71577537e-06 0.00000000e+00
sigma+ 406 4 -1 +1.0 -2.5 2 405 4 -1 +1.0 -1.5 2 -7.75601011e-24 1.71033311e-06
sigma+ 334 4 1 +1.0 -2.5 2 333 4 1 +1.0 -1.5 2 1.71033310e-06 5.26386134e-24
sigma+ 115 2 -1 +0.0 -1.5 1 425 4 -1 +0.0 -0.5 2 -1.70953744e-06 0.00000000e+00
sigma+ 116 2 -1 +0.0 -2.5 1 415 4 -1 +0.0 -1.5 1 -1.70880503e-06 0.00000000e+00
sigma+ 263 4 1 +3.0 -1.5 4 73 3 1 +3.0 -0.5 4 -1.70317884e-06 0.00000000e+00
sigma+ 367 4 -1 +3.0 -1.5 4 197 3 -1 +3.0 -0.5 4 -1.70317881e-06 0.00000000e+00
sigma+ 219 3 -1 +2.0 +2.5 1 373 4 -1 +2.0 +3.5 1 1.69786512e-06 -2.18929005e-24
sigma+ 87 3 1 +2.0 +2.5 1 301 4 1 +2.0 +3.5 1 2.33174442e-24 1.69786511e-06
sigma+ 241 4 1 +3.0 -3.5 1 240 4 1 +3.0 -2.5 1 1.69119991e-06 0.00000000e+00
sigma+ 345 4 -1 +3.0 -3.5 1 344 4 -1 +3.0 -2.5 1 1.69119990e-06 0.00000000e+00
sigma+ 433 4 -1 +0.0 +0.5 3 124 2 -1 +0.0 +1.5 3 1.68467124e-06 0.00000000e+00
sigma+ 432 4 -1 +0.0 +1.5 3 118 2 -1 +0.0 +2.5 2 1.68396912e-06 0.00000000e+00
sigma+ 148 3 1 +0.0 +0.5 1 156 3 1 +0.0 +1.5 2 -1.68209084e-06 0.00000000e+00
sigma+ 376 4 -1 +2.0 +0.5 1 77 2 -1 +2.0 +1.5 1 -1.68090587e-06 7.19539055e-24
sigma+ 304 4 1 +2.0 +0.5 1 19 2 1 +2.0 +1.5 1 1.68090587e-06 -7.19539054e-24
sigma+ 228 3 -1 +2.0 +0.5 2 384 4 -1 +2.0 +1.5 2 -1.67621420e-06 5.35118023e-24
sigma+ 96 3 1 +2.0 +0.5 2 312 4 1 +2.0 +1.5 2 1.67621419e-06 -3.26393517e-18
sigma+ 425 4 -1 +0.0 -0.5 2 113 2 -1 +0.0 +0.5 1 1.67038952e-06 0.00000000e+00
sigma+ 421 4 -1 +0.0 +3.5 2 420 4 -1 +0.0 +4.5 2 1.66400851e-06 0.00000000e+00
sigma+ 423 4 -1 +0.0 +1.5 2 111 2 -1 +0.0 +2.5 1 -1.66217978e-06 0.00000000e+00
sigma+ 354 4 -1 +3.0 -1.5 2 186 3 -1 +3.0 -0.5 2 1.66027418e-06 0.00000000e+00
sigma+ 250 4 1 +3.0 -1.5 2 62 3 1 +3.0 -0.5 2 1.66027412e-06 0.00000000e+00
sigma+ 355 4 -1 +3.0 -2.5 2 178 3 -1 +3.0 -1.5 1 -1.65823089e-06 0.00000000e+00
sigma+ 251 4 1 +3.0 -2.5 2 54 3 1 +3.0 -1.5 1 1.65823088e-06 0.00000000e+00
sigma+ 123 2 -1 +0.0 -2.5 2 115 2 -1 +0.0 -1.5 1 -1.65585292e-06 0.00000000e+00
sigma+ 416 4 -1 +0.0 -2.5 1 415 4 -1 +0.0 -1.5 1 1.65532069e-06 0.00000000e+00
sigma+ 79 2 -1 +2.0 -0.5 1 84 2 -1 +2.0 +0.5 2 -1.64916278e-06 -1.48524393e-24
sigma+ 83 2 -1 +2.0 -0.5 2 78 2 -1 +2.0 +0.5 1 -1.64916278e-06 -1.48524393e-24
sigma+ 21 2 1 +2.0 -0.5 1 26 2 1 +2.0 +0.5 2 -1.64916278e-06 -1.48524393e-24
sigma+ 25 2 1 +2.0 -0.5 2 20 2 1 +2.0 +0.5 1 -1.64916278e-06 -1.48524393e-24
sigma+ 17 1 1 +0.0 -0.5 3 8 1 1 +0.0 +0.5 1 -1.64906462e-06 0.00000000e+00
sigma+ 431 4 -1 +0.0 +2.5 3 430 4 -1 +0.0 +3.5 3 1.64782977e-06 0.00000000e+00
sigma+ 360 4 -1 +3.0 +1.5 3 359 4 -1 +3.0 +2.5 3 1.63979621e-06 0.00000000e+00
sigma+ 256 4 1 +3.0 +1.5 3 255 4 1 +3.0 +2.5 3 1.63979619e-06 0.00000000e+00
sigma+ 143 3 1 +1.0 -1.5 2 142 3 1 +1.0 -0.5 2 6.11485675e-16 1.63889440e-06
sigma+ 281 3 -1 +1.0 -1.5 2 280 3 -1 +1.0 -0.5 2 -1.63887774e-06 2.79284219e-24
sigma+ 429 4 -1 +0.0 -4.5 2 437 4 -1 +0.0 -3.5 3 1.63746824e-06 0.00000000e+00
sigma+ 167 3 1 +0.0 -2.5 3 159 3 1 +0.0 -1.5 2 1.63435647e-06 0.00000000e+00
sigma+ 167 3 1 +0.0 -2.5 3 10 1 1 +0.0 -1.5 1 -1.63323314e-06 0.00000000e+00
sigma+ 369 4 -1 +3.0 +0.5 4 370 4 -1 +3.0 +1.5 4 1.62391008e-06 0.00000000e+00
sigma+ 265 4 1 +3.0 +0.5 4 266 4 1 +3.0 +1.5 4 1.62391008e-06 0.00000000e+00
sigma+ 158 3 1 +0.0 -0.5 2 148 3 1 +0.0 +0.5 1 1.61617151e-06 0.00000000e+00
sigma+ 140 3 1 +1.0 -2.5 2 333 4 1 +1.0 -1.5 2 -4.52398359e-24 1.61071015e-06
sigma+ 278 3 -1 +1.0 -2.5 2 405 4 -1 +1.0 -1.5 2 3.85805317e-24 -1.61071015e-06
sigma+ 436 4 -1 +0.0 -2.5 3 435 4 -1 +0.0 -1.5 3 1.60607857e-06 0.00000000e+00
sigma+ 160 3 1 +0.0 -2.5 2 150 3 1 +0.0 -1.5 1 -1.60546910e-06 0.00000000e+00
sigma+ 116 2 -1 +0.0 -2.5 1 426 4 -1 +0.0 -1.5 2 -1.60473772e-06 0.00000000e+00
sigma+ 71 3 1 +3.0 -2.5 3 70 3 1 +3.0 -1.5 3 -1.60467983e-06 0.00000000e+00
sigma+ 195 3 -1 +3.0 -2.5 3 194 3 -1 +3.0 -1.5 3 1.60467979e-06 0.00000000e+00
sigma+ 55 3 1 +3.0 -2.5 1 250 4 1 +3.0 -1.5 2 -1.60448319e-06 0.00000000e+00
sigma+ 179 3 -1 +3.0 -2.5 1 354 4 -1 +3.0 -1.5 2 -1.60448316e-06 0.00000000e+00
sigma+ 1 1 1 +1.0 +0.5 1 33 2 1 +1.0 +1.5 1 -2.72692604e-24 -1.60312744e-06
sigma+ 43 1 -1 +1.0 +0.5 1 101 2 -1 +1.0 +1.5 1 -1.60312744e-06 6.09822911e-24
sigma+ 197 3 -1 +3.0 -0.5 4 361 4 -1 +3.0 +0.5 3 1.59271402e-06 0.00000000e+00
sigma+ 73 3 1 +3.0 -0.5 4 257 4 1 +3.0 +0.5 3 -1.59271402e-06 0.00000000e+00
sigma+ 69 3 1 +3.0 -0.5 3 248 4 1 +3.0 +0.5 2 1.59196978e-06 0.00000000e+00
sigma+ 193 3 -1 +3.0 -0.5 3 352 4 -1 +3.0 +0.5 2 -1.59196978e-06 0.00000000e+00
sigma+ 150 3 1 +0.0 -1.5 1 149 3 1 +0.0 -0.5 1 1.58817660e-06 0.00000000e+00
sigma+ 437 4 -1 +0.0 -3.5 3 436 4 -1 +0.0 -2.5 3 -1.58707331e-06 0.00000000e+00
sigma+ 329 4 1 +1.0 +2.5 2 328 4 1 +1.0 +3.5 2 1.62742961e-21 1.58632556e-06
sigma+ 401 4 -1 +1.0 +2.5 2 400 4 -1 +1.0 +3.5 2 -1.58632556e-06 2.03240087e-24
sigma+ 437 4 -1 +0.0 -3.5 3 438 4 -1 +0.0 -2.5 4 1.58380302e-06 0.00000000e+00
sigma+ 3 1 1 +1.0 -1.5 1 142 3 1 +1.0 -0.5 2 1.57653605e-06 -7.25390293e-25
sigma+ 45 1 -1 +1.0 -1.5 1 280 3 -1 +1.0 -0.5 2 -1.57652804e-06 1.17074717e-23
sigma+ 4 1 1 +1.0 -0.5 2 34 2 1 +1.0 +0.5 1 7.01722352e-24 -1.57390717e-06
sigma+ 46 1 -1 +1.0 -0.5 2 102 2 -1 +1.0 +0.5 1 1.39540891e-24 1.57390715e-06
sigma+ 147 3 1 +0.0 +1.5 1 155 3 1 +0.0 +2.5 2 -1.57322042e-06 0.00000000e+00
sigma+ 80 2 -1 +2.0 -1.5 1 377 4 -1 +2.0 -0.5 1 1.57310577e-06 -3.29406492e-25
sigma+ 22 2 1 +2.0 -1.5 1 305 4 1 +2.0 -0.5 1 -1.57310576e-06 3.29406486e-25
sigma+ 242 4 1 +3.0 -4.5 1 65 3 1 +3.0 -3.5 2 1.57200782e-06 0.00000000e+00
sigma+ 346 4 -1 +3.0 -4.5 1 189 3 -1 +3.0 -3.5 2 -1.57200769e-06 0.00000000e+00
sigma+ 427 4 -1 +0.0 -2.5 2 426 4 -1 +0.0 -1.5 2 -1.56836357e-06 0.00000000e+00
sigma+ 175 3 -1 +3.0 +1.5 1 339 4 -1 +3.0 +2.5 1 -1.56691935e-06 0.00000000e+00
sigma+ 51 3 1 +3.0 +1.5 1 235 4 1 +3.0 +2.5 1 -1.56691931e-06 0.00000000e+00
sigma+ 411 4 -1 +0.0 +2.5 1 410 4 -1 +0.0 +3.5 1 -1.56519801e-06 0.00000000e+00
sigma+ 30 0 -1 +0.0 -0.5 1 125 2 -1 +0.0 +0.5 3 1.56503872e-06 0.00000000e+00
sigma+ 78 2 -1 +2.0 +0.5 1 85 2 -1 +2.0 +1.5 2 -1.56483640e-06 7.97270201e-24
sigma+ 20 2 1 +2.0 +0.5 1 27 2 1 +2.0 +1.5 2 -1.56483639e-06 7.97270201e-24
sigma+ 156 3 1 +0.0 +1.5 2 162 3 1 +0.0 +2.5 3 1.56286643e-06 0.00000000e+00
sigma+ 61 3 1 +3.0 +0.5 2 236 4 1 +3.0 +1.5 1 -1.56011962e-06 0.00000000e+00
sigma+ 185 3 -1 +3.0 +0.5 2 340 4 -1 +3.0 +1.5 1 1.56011957e-06 0.00000000e+00
sigma+ 422 4 -1 +0.0 +2.5 2 421 4 -1 +0.0 +3.5 2 1.55789861e-06 0.00000000e+00
sigma+ 330 4 1 +1.0 +1.5 2 138 3 1 +1.0 +2.5 2 6.98278206e-24 -1.55740225e-06
sigma+ 402 4 -1 +1.0 +1.5 2 276 3 -1 +1.0 +2.5 2 1.55740225e-06 -2.63847747e-24
sigma+ 142 3 1 +1.0 -0.5 2 1 1 1 +1.0 +0.5 1 -1.36473452e-23 1.55252826e-06
sigma+ 280 3 -1 +1.0 -0.5 2 43 1 -1 +1.0 +0.5 1 9.29078576e-25 1.55252036e-06
sigma+ 278 3 -1 +1.0 -2.5 2 104 2 -1 +1.0 -1.5 1 -1.54771161e-06 -2.39281038e-40
sigma+ 140 3 1 +1.0 -2.5 2 36 2 1 +1.0 -1.5 1 -1.54771159e-06 -1.97617437e-40
sigma+ 391 4 -1 +1.0 +3.5 1 390 4 -1 +1.0 +4.5 1 1.54734899e-06 2.61816635e-24
sigma+ 319 4 1 +1.0 +3.5 1 318 4 1 +1.0 +4.5 1 1.54734899e-06 1.42916898e-20
sigma+ 407 4 -1 +1.0 -3.5 2 105 2 -1 +1.0 -2.5 1 -1.54438271e-06 -2.90504843e-24
sigma+ 335 4 1 +1.0 -3.5 2 37 2 1 +1.0 -2.5 1 -1.54438267e-06 -5.61875942e-24
sigma+ 325 4 1 +1.0 -2.5 1 324 4 1 +1.0 -1.5 1 1.54124819e-06 6.69347150e-24
sigma+ 397 4 -1 +1.0 -2.5 1 396 4 -1 +1.0 -1.5 1 -6.26426573e-24 1.54124819e-06
sigma+ 27 2 1 +2.0 +1.5 2 18 2 1 +2.0 +2.5 1 -1.54073752e-06 -6.21910972e-24
sigma+ 85 2 -1 +2.0 +1.5 2 76 2 -1 +2.0 +2.5 1 -1.54073751e-06 -6.21910970e-24
sigma+ 106 2 -1 +1.0 -1.5 2 107 2 -1 +1.0 -0.5 2 6.16717968e-24 1.53774812e-06
sigma+ 38 2 1 +1.0 -1.5 2 39 2 1 +1.0 -0.5 2 1.53774811e-06 -5.99108627e-24
sigma+ 3 1 1 +1.0 -1.5 1 134 3 1 +1.0 -0.5 1 1.52941743e-06 -7.03710236e-25
sigma+ 45 1 -1 +1.0 -1.5 1 272 3 -1 +1.0 -0.5 1 1.52941743e-06 -1.13576231e-23
sigma+ 85 2 -1 +2.0 +1.5 2 219 3 -1 +2.0 +2.5 1 4.78587897e-24 -1.52618478e-06
sigma+ 27 2 1 +2.0 +1.5 2 87 3 1 +2.0 +2.5 1 -1.52618476e-06 -4.78587891e-24
sigma+ 84 2 -1 +2.0 +0.5 2 220 3 -1 +2.0 +1.5 1 1.36663204e-24 1.51746030e-06
sigma+ 26 2 1 +2.0 +0.5 2 88 3 1 +2.0 +1.5 1 -1.51746029e-06 -5.85156599e-24
sigma+ 252 4 1 +3.0 -3.5 2 251 4 1 +3.0 -2.5 2 1.51037922e-06 0.00000000e+00
sigma+ 356 4 -1 +3.0 -3.5 2 355 4 -1 +3.0 -2.5 2 1.51037921e-06 0.00000000e+00
sigma+ 45 1 -1 +1.0 -1.5 1 46 1 -1 +1.0 -0.5 2 1.50462458e-06 -2.14805904e-24
sigma+ 3 1 1 +1.0 -1.5 1 4 1 1 +1.0 -0.5 2 1.50462457e-06 -3.23817785e-24
sigma+ 166 3 1 +0.0 -1.5 3 165 3 1 +0.0 -0.5 3 1.50391073e-06 0.00000000e+00
sigma+ 342 4 -1 +3.0 -0.5 1 185 3 -1 +3.0 +0.5 2 1.50190899e-06 0.00000000e+00
sigma+ 238 4 1 +3.0 -0.5 1 61 3 1 +3.0 +0.5 2 -1.50190885e-06 0.00000000e+00
sigma+ 58 3 1 +3.0 +3.5 2 233 4 1 +3.0 +4.5 1 -1.50188291e-06 0.00000000e+00
sigma+ 182 3 -1 +3.0 +3.5 2 337 4 -1 +3.0 +4.5 1 1.50188285e-06 0.00000000e+00
sigma+ 11 1 1 +0.0 -2.5 1 166 3 1 +0.0 -1.5 3 -1.50179667e-06 0.00000000e+00
sigma+ 114 2 -1 +0.0 -0.5 1 424 4 -1 +0.0 +0.5 2 1.49527765e-06 0.00000000e+00
sigma+ 147 3 1 +0.0 +1.5 1 6 1 1 +0.0 +2.5 1 1.48750595e-06 0.00000000e+00
sigma+ 102 2 -1 +1.0 +0.5 1 270 3 -1 +1.0 +1.5 1 2.49294827e-41 -1.48469118e-06
sigma+ 34 2 1 +1.0 +0.5 1 132 3 1 +1.0 +1.5 1 -5.63357466e-22 -1.48469118e-06
sigma+ 59 3 1 +3.0 +2.5 2 245 4 1 +3.0 +3.5 2 1.48139495e-06 0.00000000e+00
sigma+ 183 3 -1 +3.0 +2.5 2 349 4 -1 +3.0 +3.5 2 1.48139493e-06 0.00000000e+00
sigma+ 37 2 1 +1.0 -2.5 1 143 3 1 +1.0 -1.5 2 -2.31722627e-17 -1.48132047e-06
sigma+ 105 2 -1 +1.0 -2.5 1 281 3 -1 +1.0 -1.5 2 -1.48131291e-06 2.79980397e-25
sigma+ 320 4 1 +1.0 +2.5 1 319 4 1 +1.0 +3.5 1 1.47095011e-20 1.47576391e-06
sigma+ 392 4 -1 +1.0 +2.5 1 391 4 -1 +1.0 +3.5 1 -1.47576391e-06 -1.96340514e-24
sigma+ 215 4 1 +4.0 -1.5 2 205 4 1 +4.0 -0.5 1 -1.53940274e-24 1.47445636e-06
sigma+ 297 4 -1 +4.0 -1.5 2 287 4 -1 +4.0 -0.5 1 -1.47445632e-06 4.37368784e-24
sigma+ 389 4 -1 +2.0 -3.5 2 224 3 -1 +2.0 -2.5 1 -1.47120130e-06 2.19725091e-24
sigma+ 317 4 1 +2.0 -3.5 2 92 3 1 +2.0 -2.5 1 -1.47120127e-06 2.19725086e-24
sigma+ 367 4 -1 +3.0 -1.5 4 193 3 -1 +3.0 -0.5 3 1.46891444e-06 0.00000000e+00
sigma+ 263 4 1 +3.0 -1.5 4 69 3 1 +3.0 -0.5 3 -1.46891439e-06 0.00000000e+00
sigma+ 149 3 1 +0.0 -0.5 1 157 3 1 +0.0 +0.5 2 -1.46563121e-06 0.00000000e+00
sigma+ 351 4 -1 +3.0 +1.5 2 174 3 -1 +3.0 +2.5 1 -1.46115512e-06 0.00000000e+00
sigma+ 247 4 1 +3.0 +1.5 2 50 3 1 +3.0 +2.5 1 1.46115505e-06 0.00000000e+00
sigma+ 253 4 1 +3.0 -4.5 2 252 4 1 +3.0 -3.5 2 1.46048148e-06 0.00000000e+00
sigma+ 357 4 -1 +3.0 -4.5 2 356 4 -1 +3.0 -3.5 2 -1.46048146e-06 0.00000000e+00
sigma+ 135 3 1 +1.0 -1.5 1 134 3 1 +1.0 -0.5 1 5.20992941e-22 -1.46038954e-06
sigma+ 273 3 -1 +1.0 -1.5 1 272 3 -1 +1.0 -0.5 1 1.46038954e-06 -3.58250821e-24
sigma+ 14 1 1 +0.0 -0.5 2 13 1 1 +0.0 +0.5 2 1.44417012e-06 0.00000000e+00
sigma+ 185 3 -1 +3.0 +0.5 2 175 3 -1 +3.0 +1.5 1 1.43970780e-06 0.00000000e+00
sigma+ 61 3 1 +3.0 +0.5 2 51 3 1 +3.0 +1.5 1 1.43970777e-06 0.00000000e+00
sigma+ 120 2 -1 +0.0 +0.5 2 112 2 -1 +0.0 +1.5 1 1.42853919e-06 0.00000000e+00
sigma+ 175 3 -1 +3.0 +1.5 1 350 4 -1 +3.0 +2.5 2 -1.42770457e-06 0.00000000e+00
sigma+ 51 3 1 +3.0 +1.5 1 246 4 1 +3.0 +2.5 2 -1.42770456e-06 0.00000000e+00
sigma+ 170 3 1 +0.0 +0.5 4 12 1 1 +0.0 +1.5 2 -1.42721425e-06 0.00000000e+00
sigma+ 435 4 -1 +0.0 -1.5 3 121 2 -1 +0.0 -0.5 2 -1.41974335e-06 0.00000000e+00
sigma+ 159 3 1 +0.0 -1.5 2 158 3 1 +0.0 -0.5 2 -1.41901512e-06 0.00000000e+00
sigma+ 31 0 -1 +0.0 -1.5 1 114 2 -1 +0.0 -0.5 1 -1.41846971e-06 0.00000000e+00
sigma+ 50 3 1 +3.0 +2.5 1 58 3 1 +3.0 +3.5 2 1.40930984e-06 0.00000000e+00
sigma+ 174 3 -1 +3.0 +2.5 1 182 3 -1 +3.0 +3.5 2 -1.40930982e-06 0.00000000e+00
sigma+ 68 3 1 +3.0 +0.5 3 60 3 1 +3.0 +1.5 2 1.40830871e-06 0.00000000e+00
sigma+ 192 3 -1 +3.0 +0.5 3 184 3 -1 +3.0 +1.5 2 1.40830868e-06 0.00000000e+00
sigma+ 93 3 1 +2.0 -3.5 1 316 4 1 +2.0 -2.5 2 -8.95725130e-20 -1.40827016e-06
sigma+ 225 3 -1 +2.0 -3.5 1 388 4 -1 +2.0 -2.5 2 1.79410838e-19 -1.40827015e-06
sigma+ 189 3 -1 +3.0 -3.5 2 179 3 -1 +3.0 -2.5 1 1.40741631e-06 0.00000000e+00
sigma+ 65 3 1 +3.0 -3.5 2 55 3 1 +3.0 -2.5 1 -1.40741631e-06 0.00000000e+00
sigma+ 298 4 -1 +4.0 -2.5 2 288 4 -1 +4.0 -1.5 1 -1.40733068e-06 2.79217024e-24
sigma+ 216 4 1 +4.0 -2.5 2 206 4 1 +4.0 -1.5 1 3.98454738e-24 1.40733064e-06
sigma+ 204 4 1 +4.0 +0.5 1 212 4 1 +4.0 +1.5 2 1.40660349e-06 3.76013643e-24
sigma+ 286 4 -1 +4.0 +0.5 1 294 4 -1 +4.0 +1.5 2 -1.40660344e-06 -7.67582953e-24
sigma+ 357 4 -1 +3.0 -4.5 2 365 4 -1 +3.0 -3.5 3 -1.40638851e-06 0.00000000e+00
sigma+ 253 4 1 +3.0 -4.5 2 261 4 1 +3.0 -3.5 3 -1.40638850e-06 0.00000000e+00
sigma+ 24 2 1 +2.0 -1.5 2 314 4 1 +2.0 -0.5 2 1.40223255e-06 -2.18220197e-25
sigma+ 82 2 -1 +2.0 -1.5 2 386 4 -1 +2.0 -0.5 2 1.40223254e-06 -2.18220192e-25
sigma+ 247 4 1 +3.0 +1.5 2 246 4 1 +3.0 +2.5 2 1.40042743e-06 0.00000000e+00
sigma+ 351 4 -1 +3.0 +1.5 2 350 4 -1 +3.0 +2.5 2 1.40042741e-06 0.00000000e+00
sigma+ 3 1 1 +1.0 -1.5 1 2 1 1 +1.0 -0.5 1 -1.39915177e-06 3.01118455e-24
sigma+ 45 1 -1 +1.0 -1.5 1 44 1 -1 +1.0 -0.5 1 -1.39915176e-06 1.99748205e-24
sigma+ 222 3 -1 +2.0 -0.5 1 84 2 -1 +2.0 +0.5 2 1.42464908e-23 -1.38665426e-06
sigma+ 90 3 1 +2.0 -0.5 1 26 2 1 +2.0 +0.5 2 1.85029445e-23 -1.38665422e-06
sigma+ 419 4 -1 +0.0 -5.5 1 429 4 -1 +0.0 -4.5 2 1.38507447e-06 0.00000000e+00
sigma+ 164 3 1 +0.0 +0.5 3 163 3 1 +0.0 +1.5 3 1.38342813e-06 0.00000000e+00
sigma+ 438 4 -1 +0.0 -2.5 4 122 2 -1 +0.0 -1.5 2 -1.38219834e-06 0.00000000e+00
sigma+ 99 3 1 +2.0 -1.5 2 25 2 1 +2.0 -0.5 2 1.16840014e-23 -1.37972930e-06
sigma+ 231 3 -1 +2.0 -1.5 2 83 2 -1 +2.0 -0.5 2 1.20933440e-23 -1.37972929e-06
sigma+ 236 4 1 +3.0 +1.5 1 235 4 1 +3.0 +2.5 1 -1.37593146e-06 0.00000000e+00
sigma+ 340 4 -1 +3.0 +1.5 1 339 4 -1 +3.0 +2.5 1 1.37593145e-06 0.00000000e+00
sigma+ 15 1 1 +0.0 -1.5 2 158 3 1 +0.0 -0.5 2 1.37191247e-06 0.00000000e+00
sigma+ 320 4 1 +1.0 +2.5 1 130 3 1 +1.0 +3.5 1 -7.38458801e-24 -1.36121770e-06
sigma+ 392 4 -1 +1.0 +2.5 1 268 3 -1 +1.0 +3.5 1 2.37019774e-24 -1.36121769e-06
sigma+ 365 4 -1 +3.0 -3.5 3 366 4 -1 +3.0 -2.5 4 -1.34461583e-06 0.00000000e+00
sigma+ 261 4 1 +3.0 -3.5 3 262 4 1 +3.0 -2.5 4 -1.34461581e-06 0.00000000e+00
sigma+ 330 4 1 +1.0 +1.5 2 329 4 1 +1.0 +2.5 2 -1.33396723e-06 -1.15420428e-23
sigma+ 402 4 -1 +1.0 +1.5 2 401 4 -1 +1.0 +2.5 2 -2.42385709e-24 -1.33396723e-06
sigma+ 56 3 1 +3.0 -3.5 1 64 3 1 +3.0 -2.5 2 -1.32979909e-06 0.00000000e+00
sigma+ 180 3 -1 +3.0 -3.5 1 188 3 -1 +3.0 -2.5 2 -1.32979907e-06 0.00000000e+00
sigma+ 259 4 1 +3.0 -1.5 3 62 3 1 +3.0 -0.5 2 -1.32566180e-06 0.00000000e+00
sigma+ 363 4 -1 +3.0 -1.5 3 186 3 -1 +3.0 -0.5 2 1.32566180e-06 0.00000000e+00
sigma+ 99 3 1 +2.0 -1.5 2 21 2 1 +2.0 -0.5 1 -1.12077456e-23 1.32348965e-06
sigma+ 231 3 -1 +2.0 -1.5 2 79 2 -1 +2.0 -0.5 1 -1.16004029e-23 1.32348965e-06
sigma+ 432 4 -1 +0.0 +1.5 3 431 4 -1 +0.0 +2.5 3 1.32269794e-06 0.00000000e+00
sigma+ 261 4 1 +3.0 -3.5 3 260 4 1 +3.0 -2.5 3 1.31502324e-06 0.00000000e+00
sigma+ 365 4 -1 +3.0 -3.5 3 364 4 -1 +3.0 -2.5 3 1.31502321e-06 0.00000000e+00
sigma+ 321 4 1 +1.0 +1.5 1 32 2 1 +1.0 +2.5 1 -9.03580493e-24 1.31471078e-06
sigma+ 393 4 -1 +1.0 +1.5 1 100 2 -1 +1.0 +2.5 1 -1.31471078e-06 5.56197277e-24
sigma+ 0 1 1 +1.0 +1.5 1 138 3 1 +1.0 +2.5 2 9.13671548e-25 1.31447505e-06
sigma+ 42 1 -1 +1.0 +1.5 1 276 3 -1 +1.0 +2.5 2 0.00000000e+00 -1.31447501e-06
sigma+ 52 3 1 +3.0 +0.5 1 51 3 1 +3.0 +1.5 1 -1.31361800e-06 0.00000000e+00
sigma+ 176 3 -1 +3.0 +0.5 1 175 3 -1 +3.0 +1.5 1 1.31361794e-06 0.00000000e+00
sigma+ 17 1 1 +0.0 -0.5 3 13 1 1 +0.0 +0.5 2 -1.31250517e-06 0.00000000e+00
sigma+ 352 4 -1 +3.0 +0.5 2 191 3 -1 +3.0 +1.5 3 1.30883376e-06 0.00000000e+00
sigma+ 248 4 1 +3.0 +0.5 2 67 3 1 +3.0 +1.5 3 -1.30883364e-06 0.00000000e+00
sigma+ 104 2 -1 +1.0 -1.5 1 103 2 -1 +1.0 -0.5 1 5.20175283e-24 1.30688499e-06
sigma+ 36 2 1 +1.0 -1.5 1 35 2 1 +1.0 -0.5 1 -1.30688498e-06 5.97675596e-24
sigma+ 137 3 1 +1.0 -3.5 1 140 3 1 +1.0 -2.5 2 -9.61950234e-25 -1.30643857e-06
sigma+ 275 3 -1 +1.0 -3.5 1 278 3 -1 +1.0 -2.5 2 -9.61950218e-25 -1.30643855e-06
sigma+ 186 3 -1 +3.0 -0.5 2 341 4 -1 +3.0 +0.5 1 1.29879322e-06 0.00000000e+00
sigma+ 62 3 1 +3.0 -0.5 2 237 4 1 +3.0 +0.5 1 -1.29879320e-06 0.00000000e+00
sigma+ 287 4 -1 +4.0 -0.5 1 295 4 -1 +4.0 +0.5 2 -1.29852273e-06 1.74046618e-24
sigma+ 205 4 1 +4.0 -0.5 1 213 4 1 +4.0 +0.5 2 -1.29852273e-06 0.00000000e+00
sigma+ 423 4 -1 +0.0 +1.5 2 118 2 -1 +0.0 +2.5 2 1.29785887e-06 0.00000000e+00
sigma+ 194 3 -1 +3.0 -1.5 3 368 4 -1 +3.0 -0.5 4 -1.29674460e-06 0.00000000e+00
sigma+ 70 3 1 +3.0 -1.5 3 264 4 1 +3.0 -0.5 4 1.29674451e-06 0.00000000e+00
sigma+ 279 3 -1 +1.0 +0.5 2 42 1 -1 +1.0 +1.5 1 -1.29580869e-06 9.96542487e-24
sigma+ 141 3 1 +1.0 +0.5 2 0 1 1 +1.0 +1.5 1 0.00000000e+00 1.29580867e-06
sigma+ 189 3 -1 +3.0 -3.5 2 366 4 -1 +3.0 -2.5 4 -1.29564973e-06 0.00000000e+00
sigma+ 65 3 1 +3.0 -3.5 2 262 4 1 +3.0 -2.5 4 -1.29564966e-06 0.00000000e+00
sigma+ 228 3 -1 +2.0 +0.5 2 77 2 -1 +2.0 +1.5 1 1.29314263e-06 -9.23314123e-24
sigma+ 96 3 1 +2.0 +0.5 2 19 2 1 +2.0 +1.5 1 -4.05967885e-24 -1.29314262e-06
sigma+ 254 4 1 +3.0 +3.5 3 244 4 1 +3.0 +4.5 2 1.28925374e-06 0.00000000e+00
sigma+ 358 4 -1 +3.0 +3.5 3 348 4 -1 +3.0 +4.5 2 1.28925371e-06 0.00000000e+00
sigma+ 133 3 1 +1.0 +0.5 1 321 4 1 +1.0 +1.5 1 -6.94597201e-24 -1.28897602e-06
sigma+ 271 3 -1 +1.0 +0.5 1 393 4 -1 +1.0 +1.5 1 -7.99991626e-24 -1.28897601e-06
sigma+ 275 3 -1 +1.0 -3.5 1 397 4 -1 +1.0 -2.5 1 -4.93322290e-24 -1.28124796e-06
sigma+ 137 3 1 +1.0 -3.5 1 325 4 1 +1.0 -2.5 1 -1.28124795e-06 3.09309344e-24
sigma+ 214 4 1 +4.0 -0.5 2 204 4 1 +4.0 +0.5 1 1.27778453e-06 0.00000000e+00
sigma+ 296 4 -1 +4.0 -0.5 2 286 4 -1 +4.0 +0.5 1 -1.27778453e-06 1.21872974e-24
sigma+ 167 3 1 +0.0 -2.5 3 166 3 1 +0.0 -1.5 3 1.27778008e-06 0.00000000e+00
sigma+ 123 2 -1 +0.0 -2.5 2 439 4 -1 +0.0 -1.5 4 -1.27574404e-06 0.00000000e+00
sigma+ 441 4 -1 +0.0 +0.5 4 442 4 -1 +0.0 +1.5 4 -1.26996546e-06 0.00000000e+00
sigma+ 115 2 -1 +0.0 -1.5 1 126 2 -1 +0.0 -0.5 3 -1.26980303e-06 0.00000000e+00
sigma+ 285 4 -1 +4.0 +1.5 1 293 4 -1 +4.0 +2.5 2 -2.24474251e-24 -1.26316162e-06
sigma+ 203 4 1 +4.0 +1.5 1 211 4 1 +4.0 +2.5 2 -1.26316159e-06 6.35563322e-24
sigma+ 20 2 1 +2.0 +0.5 1 95 3 1 +2.0 +1.5 2 -1.25732869e-06 -4.84845757e-24
sigma+ 78 2 -1 +2.0 +0.5 1 227 3 -1 +2.0 +1.5 2 1.13235624e-24 1.25732866e-06
sigma+ 121 2 -1 +0.0 -0.5 2 129 2 -1 +0.0 +0.5 4 -1.25197564e-06 0.00000000e+00
sigma+ 439 4 -1 +0.0 -1.5 4 440 4 -1 +0.0 -0.5 4 -1.24912820e-06 0.00000000e+00
sigma+ 364 4 -1 +3.0 -2.5 3 363 4 -1 +3.0 -1.5 3 1.24760730e-06 0.00000000e+00
sigma+ 260 4 1 +3.0 -2.5 3 259 4 1 +3.0 -1.5 3 1.24760726e-06 0.00000000e+00
sigma+ 313 4 1 +2.0 +0.5 2 27 2 1 +2.0 +1.5 2 -1.24751451e-06 5.16402263e-24
sigma+ 385 4 -1 +2.0 +0.5 2 85 2 -1 +2.0 +1.5 2 -1.24751451e-06 5.16402262e-24
sigma+ 185 3 -1 +3.0 +0.5 2 184 3 -1 +3.0 +1.5 2 1.24679310e-06 0.00000000e+00
sigma+ 61 3 1 +3.0 +0.5 2 60 3 1 +3.0 +1.5 2 1.24679310e-06 0.00000000e+00
sigma+ 129 2 -1 +0.0 +0.5 4 119 2 -1 +0.0 +1.5 2 -1.24424908e-06 0.00000000e+00
sigma+ 187 3 -1 +3.0 -1.5 2 362 4 -1 +3.0 -0.5 3 1.24391654e-06 0.00000000e+00
sigma+ 63 3 1 +3.0 -1.5 2 258 4 1 +3.0 -0.5 3 -1.24391649e-06 0.00000000e+00
sigma+ 271 3 -1 +1.0 +0.5 1 270 3 -1 +1.0 +1.5 1 -3.49483561e-20 -1.23689401e-06
sigma+ 133 3 1 +1.0 +0.5 1 132 3 1 +1.0 +1.5 1 1.23689401e-06 9.56061521e-24
sigma+ 116 2 -1 +0.0 -2.5 1 127 2 -1 +0.0 -1.5 3 -1.23461617e-06 0.00000000e+00
sigma+ 361 4 -1 +3.0 +0.5 3 184 3 -1 +3.0 +1.5 2 -1.23461596e-06 0.00000000e+00
sigma+ 257 4 1 +3.0 +0.5 3 60 3 1 +3.0 +1.5 2 -1.23461587e-06 0.00000000e+00
sigma+ 344 4 -1 +3.0 -2.5 1 343 4 -1 +3.0 -1.5 1 -1.23368091e-06 0.00000000e+00
sigma+ 240 4 1 +3.0 -2.5 1 239 4 1 +3.0 -1.5 1 1.23368090e-06 0.00000000e+00
sigma+ 22 2 1 +2.0 -1.5 1 98 3 1 +2.0 -0.5 2 1.23194346e-06 -8.77909581e-24
sigma+ 80 2 -1 +2.0 -1.5 1 230 3 -1 +2.0 -0.5 2 -1.23194345e-06 4.99753982e-24
sigma+ 13 1 1 +0.0 +0.5 2 171 3 1 +0.0 +1.5 4 -1.22457308e-06 0.00000000e+00
sigma+ 32 2 1 +1.0 +2.5 1 328 4 1 +1.0 +3.5 2 1.21595939e-06 -3.65985425e-24
sigma+ 100 2 -1 +1.0 +2.5 1 400 4 -1 +1.0 +3.5 2 -5.14419833e-24 1.21595939e-06
sigma+ 185 3 -1 +3.0 +0.5 2 360 4 -1 +3.0 +1.5 3 1.20900984e-06 0.00000000e+00
sigma+ 61 3 1 +3.0 +0.5 2 256 4 1 +3.0 +1.5 3 -1.20900980e-06 0.00000000e+00
sigma+ 243 4 1 +3.0 -5.5 1 253 4 1 +3.0 -4.5 2 1.20417607e-06 0.00000000e+00
sigma+ 347 4 -1 +3.0 -5.5 1 357 4 -1 +3.0 -4.5 2 -1.20417601e-06 0.00000000e+00
sigma+ 105 2 -1 +1.0 -2.5 1 396 4 -1 +1.0 -1.5 1 -2.48015888e-20 1.20144853e-06
sigma+ 37 2 1 +1.0 -2.5 1 324 4 1 +1.0 -1.5 1 2.30298384e-24 -1.20144852e-06
sigma+ 224 3 -1 +2.0 -2.5 1 80 2 -1 +2.0 -1.5 1 -1.19936861e-06 -7.23210567e-40
sigma+ 92 3 1 +2.0 -2.5 1 22 2 1 +2.0 -1.5 1 -1.19936859e-06 -7.37900792e-40
sigma+ 125 2 -1 +0.0 +0.5 3 124 2 -1 +0.0 +1.5 3 1.19277076e-06 0.00000000e+00
sigma+ 316 4 1 +2.0 -2.5 2 91 3 1 +2.0 -1.5 1 4.10579257e-20 1.18722775e-06
sigma+ 388 4 -1 +2.0 -2.5 2 223 3 -1 +2.0 -1.5 1 -8.20946418e-20 1.18722775e-06
sigma+ 64 3 1 +3.0 -2.5 2 72 3 1 +3.0 -1.5 4 1.18355543e-06 0.00000000e+00
sigma+ 188 3 -1 +3.0 -2.5 2 196 3 -1 +3.0 -1.5 4 1.18355539e-06 0.00000000e+00
sigma+ 355 4 -1 +3.0 -2.5 2 354 4 -1 +3.0 -1.5 2 1.18178334e-06 0.00000000e+00
sigma+ 251 4 1 +3.0 -2.5 2 250 4 1 +3.0 -1.5 2 1.18178331e-06 0.00000000e+00
sigma+ 341 4 -1 +3.0 +0.5 1 184 3 -1 +3.0 +1.5 2 -1.17422483e-06 0.00000000e+00
sigma+ 237 4 1 +3.0 +0.5 1 60 3 1 +3.0 +1.5 2 -1.17422477e-06 0.00000000e+00
sigma+ 136 3 1 +1.0 -2.5 1 38 2 1 +1.0 -1.5 2 -1.17209213e-06 -2.60947744e-40
sigma+ 274 3 -1 +1.0 -2.5 1 106 2 -1 +1.0 -1.5 2 -1.17209210e-06 -3.15963260e-40
sigma+ 194 3 -1 +3.0 -1.5 3 197 3 -1 +3.0 -0.5 4 1.17011485e-06 0.00000000e+00
sigma+ 70 3 1 +3.0 -1.5 3 73 3 1 +3.0 -0.5 4 1.17011484e-06 0.00000000e+00
sigma+ 307 4 1 +2.0 -2.5 1 99 3 1 +2.0 -1.5 2 9.22162905e-19 1.16681923e-06
sigma+ 379 4 -1 +2.0 -2.5 1 231 3 -1 +2.0 -1.5 2 -1.84434366e-18 1.16681923e-06
sigma+ 178 3 -1 +3.0 -1.5 1 186 3 -1 +3.0 -0.5 2 1.16251847e-06 0.00000000e+00
sigma+ 54 3 1 +3.0 -1.5 1 62 3 1 +3.0 -0.5 2 -1.16251845e-06 0.00000000e+00
sigma+ 422 4 -1 +0.0 +2.5 2 110 2 -1 +0.0 +3.5 1 1.16145896e-06 0.00000000e+00
sigma+ 139 3 1 +1.0 +1.5 2 32 2 1 +1.0 +2.5 1 -1.15949149e-06 1.44091421e-24
sigma+ 277 3 -1 +1.0 +1.5 2 100 2 -1 +1.0 +2.5 1 1.15949148e-06 -4.90530706e-24
sigma+ 426 4 -1 +0.0 -1.5 2 114 2 -1 +0.0 -0.5 1 1.15923348e-06 0.00000000e+00
sigma+ 117 2 -1 +0.0 -3.5 1 427 4 -1 +0.0 -2.5 2 -1.15584551e-06 0.00000000e+00
sigma+ 25 2 1 +2.0 -0.5 2 89 3 1 +2.0 +0.5 1 8.49202042e-24 -1.15569017e-06
sigma+ 83 2 -1 +2.0 -0.5 2 221 3 -1 +2.0 +0.5 1 1.15569016e-06 1.29921261e-23
sigma+ 135 3 1 +1.0 -1.5 1 39 2 1 +1.0 -0.5 2 9.46644799e-24 1.15473374e-06
sigma+ 273 3 -1 +1.0 -1.5 1 107 2 -1 +1.0 -0.5 2 -2.58665767e-40 1.15473374e-06
sigma+ 430 4 -1 +0.0 +3.5 3 420 4 -1 +0.0 +4.5 2 -1.15335855e-06 0.00000000e+00
sigma+ 157 3 1 +0.0 +0.5 2 147 3 1 +0.0 +1.5 1 1.15234630e-06 0.00000000e+00
sigma+ 163 3 1 +0.0 +1.5 3 6 1 1 +0.0 +2.5 1 1.15151936e-06 0.00000000e+00
sigma+ 396 4 -1 +1.0 -1.5 1 272 3 -1 +1.0 -0.5 1 -7.61140088e-24 -1.14983048e-06
sigma+ 324 4 1 +1.0 -1.5 1 134 3 1 +1.0 -0.5 1 -5.32897673e-24 -1.14983048e-06
sigma+ 332 4 1 +1.0 -0.5 2 34 2 1 +1.0 +0.5 1 1.14977992e-06 8.65629329e-24
sigma+ 404 4 -1 +1.0 -0.5 2 102 2 -1 +1.0 +0.5 1 3.95488159e-25 -1.14977989e-06
sigma+ 8 1 1 +0.0 +0.5 1 156 3 1 +0.0 +1.5 2 1.14514967e-06 0.00000000e+00
sigma+ 371 4 -1 +3.0 +2.5 4 358 4 -1 +3.0 +3.5 3 -1.14461636e-06 0.00000000e+00
sigma+ 267 4 1 +3.0 +2.5 4 254 4 1 +3.0 +3.5 3 1.14461632e-06 0.00000000e+00
sigma+ 311 4 1 +2.0 +2.5 2 86 3 1 +2.0 +3.5 1 1.02997401e-24 -1.14364702e-06
sigma+ 383 4 -1 +2.0 +2.5 2 218 3 -1 +2.0 +3.5 1 -1.14364701e-06 -1.79957807e-20
sigma+ 126 2 -1 +0.0 -0.5 3 441 4 -1 +0.0 +0.5 4 1.14352922e-06 0.00000000e+00
sigma+ 123 2 -1 +0.0 -2.5 2 426 4 -1 +0.0 -1.5 2 -1.13829559e-06 0.00000000e+00
sigma+ 11 1 1 +0.0 -2.5 1 150 3 1 +0.0 -1.5 1 1.13630622e-06 0.00000000e+00
sigma+ 113 2 -1 +0.0 +0.5 1 112 2 -1 +0.0 +1.5 1 -1.13427246e-06 0.00000000e+00
sigma+ 73 3 1 +3.0 -0.5 4 74 3 1 +3.0 +0.5 4 -1.13317067e-06 0.00000000e+00
sigma+ 197 3 -1 +3.0 -0.5 4 198 3 -1 +3.0 +0.5 4 1.13317065e-06 0.00000000e+00
sigma+ 331 4 1 +1.0 +0.5 2 33 2 1 +1.0 +1.5 1 7.78385842e-24 1.13255240e-06
sigma+ 403 4 -1 +1.0 +0.5 2 101 2 -1 +1.0 +1.5 1 1.32787966e-24 1.13255237e-06
sigma+ 259 4 1 +3.0 -1.5 3 69 3 1 +3.0 -0.5 3 1.13240750e-06 0.00000000e+00
sigma+ 363 4 -1 +3.0 -1.5 3 193 3 -1 +3.0 -0.5 3 1.13240748e-06 0.00000000e+00
sigma+ 127 2 -1 +0.0 -1.5 3 126 2 -1 +0.0 -0.5 3 -1.13220080e-06 0.00000000e+00
sigma+ 244 4 1 +3.0 +4.5 2 232 4 1 +3.0 +5.5 1 -1.13012680e-06 0.00000000e+00
sigma+ 348 4 -1 +3.0 +4.5 2 336 4 -1 +3.0 +5.5 1 -1.13012676e-06 0.00000000e+00
sigma+ 439 4 -1 +0.0 -1.5 4 434 4 -1 +0.0 -0.5 3 1.12954370e-06 0.00000000e+00
sigma+ 224 3 -1 +2.0 -2.5 1 387 4 -1 +2.0 -1.5 2 1.12929124e-06 -2.43287895e-19
sigma+ 92 3 1 +2.0 -2.5 1 315 4 1 +2.0 -1.5 2 -1.12929123e-06 -1.21647671e-19
sigma+ 63 3 1 +3.0 -1.5 2 73 3 1 +3.0 -0.5 4 1.12890539e-06 0.00000000e+00
sigma+ 187 3 -1 +3.0 -1.5 2 197 3 -1 +3.0 -0.5 4 1.12890538e-06 0.00000000e+00
sigma+ 105 2 -1 +1.0 -2.5 1 106 2 -1 +1.0 -1.5 2 -1.12863109e-06 -4.14591549e-24
sigma+ 37 2 1 +1.0 -2.5 1 38 2 1 +1.0 -1.5 2 -1.12863108e-06 -2.16274203e-24
sigma+ 146 3 1 +0.0 +2.5 1 154 3 1 +0.0 +3.5 2 1.12726451e-06 0.00000000e+00
sigma+ 164 3 1 +0.0 +0.5 3 156 3 1 +0.0 +1.5 2 -1.12692572e-06 0.00000000e+00
sigma+ 161 3 1 +0.0 -3.5 2 151 3 1 +0.0 -2.5 1 -1.12571925e-06 0.00000000e+00
sigma+ 159 3 1 +0.0 -1.5 2 9 1 1 +0.0 -0.5 1 -1.11431522e-06 0.00000000e+00
sigma+ 435 4 -1 +0.0 -1.5 3 425 4 -1 +0.0 -0.5 2 1.11387342e-06 0.00000000e+00
sigma+ 101 2 -1 +1.0 +1.5 1 276 3 -1 +1.0 +2.5 2 -1.25457421e-21 1.11084946e-06
sigma+ 33 2 1 +1.0 +1.5 1 138 3 1 +1.0 +2.5 2 -1.11084946e-06 -9.03078860e-21
sigma+ 273 3 -1 +1.0 -1.5 1 103 2 -1 +1.0 -0.5 1 -2.69956393e-40 -1.10643828e-06
sigma+ 135 3 1 +1.0 -1.5 1 35 2 1 +1.0 -0.5 1 9.07052414e-24 1.10643826e-06
sigma+ 194 3 -1 +3.0 -1.5 3 353 4 -1 +3.0 -0.5 2 -1.10357947e-06 0.00000000e+00
sigma+ 70 3 1 +3.0 -1.5 3 249 4 1 +3.0 -0.5 2 1.10357945e-06 0.00000000e+00
sigma+ 187 3 -1 +3.0 -1.5 2 193 3 -1 +3.0 -0.5 3 -1.10337443e-06 0.00000000e+00
sigma+ 63 3 1 +3.0 -1.5 2 69 3 1 +3.0 -0.5 3 1.10337439e-06 0.00000000e+00
sigma+ 219 3 -1 +2.0 +2.5 1 382 4 -1 +2.0 +3.5 2 -1.10102068e-06 7.03530023e-24
sigma+ 87 3 1 +2.0 +2.5 1 310 4 1 +2.0 +3.5 2 -7.12767803e-24 -1.10102065e-06
sigma+ 435 4 -1 +0.0 -1.5 3 434 4 -1 +0.0 -0.5 3 1.09457536e-06 0.00000000e+00
sigma+ 389 4 -1 +2.0 -3.5 2 81 2 -1 +2.0 -2.5 1 -1.05614818e-23 1.09185486e-06
sigma+ 317 4 1 +2.0 -3.5 2 23 2 1 +2.0 -2.5 1 1.05614815e-23 -1.09185483e-06
sigma+ 38 2 1 +1.0 -1.5 2 4 1 1 +1.0 -0.5 2 1.08749394e-06 5.86710235e-24
sigma+ 106 2 -1 +1.0 -1.5 2 46 1 -1 +1.0 -0.5 2 -1.08749390e-06 -5.86710244e-24
sigma+ 102 2 -1 +1.0 +0.5 1 101 2 -1 +1.0 +1.5 1 -1.07865156e-06 -2.16416152e-24
sigma+ 34 2 1 +1.0 +0.5 1 33 2 1 +1.0 +1.5 1 -2.21350179e-24 -1.07865156e-06
sigma+ 398 4 -1 +1.0 -3.5 1 274 3 -1 +1.0 -2.5 1 -1.07751381e-06 -8.42778132e-25
sigma+ 326 4 1 +1.0 -3.5 1 136 3 1 +1.0 -2.5 1 -1.07751381e-06 -8.42778133e-25
sigma+ 104 2 -1 +1.0 -1.5 1 404 4 -1 +1.0 -0.5 2 -1.07360619e-06 -6.45032257e-20
sigma+ 36 2 1 +1.0 -1.5 1 332 4 1 +1.0 -0.5 2 1.55649301e-23 1.07360618e-06
sigma+ 411 4 -1 +0.0 +2.5 1 110 2 -1 +0.0 +3.5 1 -1.07320870e-06 0.00000000e+00
sigma+ 166 3 1 +0.0 -1.5 3 9 1 1 +0.0 -0.5 1 1.07276742e-06 0.00000000e+00
sigma+ 306 4 1 +2.0 -1.5 1 98 3 1 +2.0 -0.5 2 -1.07269042e-06 -9.15169818e-19
sigma+ 378 4 -1 +2.0 -1.5 1 230 3 -1 +2.0 -0.5 2 1.07269037e-06 -1.83040137e-18
sigma+ 333 4 1 +1.0 -1.5 2 142 3 1 +1.0 -0.5 2 5.18171001e-24 1.06668992e-06
sigma+ 405 4 -1 +1.0 -1.5 2 280 3 -1 +1.0 -0.5 2 -6.73060024e-24 -1.06668448e-06
sigma+ 415 4 -1 +0.0 -1.5 1 414 4 -1 +0.0 -0.5 1 -1.06576233e-06 0.00000000e+00
sigma+ 152 3 1 +0.0 -3.5 1 160 3 1 +0.0 -2.5 2 -1.06535467e-06 0.00000000e+00
sigma+ 7 1 1 +0.0 +1.5 1 162 3 1 +0.0 +2.5 3 -1.06135408e-06 0.00000000e+00
sigma+ 125 2 -1 +0.0 +0.5 3 119 2 -1 +0.0 +1.5 2 -1.05513109e-06 0.00000000e+00
sigma+ 384 4 -1 +2.0 +1.5 2 219 3 -1 +2.0 +2.5 1 2.77566992e-20 1.05498889e-06
sigma+ 312 4 1 +2.0 +1.5 2 87 3 1 +2.0 +2.5 1 -6.75072359e-25 1.05498888e-06
sigma+ 423 4 -1 +0.0 +1.5 2 422 4 -1 +0.0 +2.5 2 -1.05167947e-06 0.00000000e+00
sigma+ 148 3 1 +0.0 +0.5 1 147 3 1 +0.0 +1.5 1 1.04909865e-06 0.00000000e+00
sigma+ 380 4 -1 +2.0 -3.5 1 229 3 -1 +2.0 -2.5 2 -1.04855459e-06 2.64563228e-24
sigma+ 308 4 1 +2.0 -3.5 1 97 3 1 +2.0 -2.5 2 -1.04855457e-06 2.64563223e-24
sigma+ 333 4 1 +1.0 -1.5 2 332 4 1 +1.0 -0.5 2 1.04696251e-06 -7.61225138e-24
sigma+ 405 4 -1 +1.0 -1.5 2 404 4 -1 +1.0 -0.5 2 1.48555861e-19 -1.04696250e-06
sigma+ 367 4 -1 +3.0 -1.5 4 362 4 -1 +3.0 -0.5 3 -1.03863426e-06 0.00000000e+00
sigma+ 263 4 1 +3.0 -1.5 4 258 4 1 +3.0 -0.5 3 1.03863422e-06 0.00000000e+00
sigma+ 217 4 1 +4.0 -3.5 2 207 4 1 +4.0 -2.5 1 1.03772710e-06 8.02795804e-24
sigma+ 299 4 -1 +4.0 -3.5 2 289 4 -1 +4.0 -2.5 1 -6.97948541e-24 1.03772707e-06
sigma+ 426 4 -1 +0.0 -1.5 2 425 4 -1 +0.0 -0.5 2 1.03565694e-06 0.00000000e+00
sigma+ 436 4 -1 +0.0 -2.5 3 426 4 -1 +0.0 -1.5 2 1.02936241e-06 0.00000000e+00
sigma+ 114 2 -1 +0.0 -0.5 1 125 2 -1 +0.0 +0.5 3 1.02609426e-06 0.00000000e+00
sigma+ 393 4 -1 +1.0 +1.5 1 392 4 -1 +1.0 +2.5 1 -1.86288076e-24 -1.02523449e-06
sigma+ 321 4 1 +1.0 +1.5 1 320 4 1 +1.0 +2.5 1 -1.02523449e-06 -1.09569656e-23
sigma+ 2 1 1 +1.0 -0.5 1 141 3 1 +1.0 +0.5 2 -1.02330046e-06 1.18303759e-23
sigma+ 44 1 -1 +1.0 -0.5 1 279 3 -1 +1.0 +0.5 2 -3.96067735e-24 -1.02330042e-06
sigma+ 420 4 -1 +0.0 +4.5 2 408 4 -1 +0.0 +5.5 1 -1.01989041e-06 0.00000000e+00
sigma+ 363 4 -1 +3.0 -1.5 3 353 4 -1 +3.0 -0.5 2 -1.01962836e-06 0.00000000e+00
sigma+ 259 4 1 +3.0 -1.5 3 249 4 1 +3.0 -0.5 2 -1.01962833e-06 0.00000000e+00
sigma+ 88 3 1 +2.0 +1.5 1 311 4 1 +2.0 +2.5 2 -7.74239013e-25 -1.01934539e-06
sigma+ 220 3 -1 +2.0 +1.5 1 383 4 -1 +2.0 +2.5 2 1.01934537e-06 1.91360435e-25
sigma+ 443 4 -1 +0.0 +2.5 4 430 4 -1 +0.0 +3.5 3 -1.01881866e-06 0.00000000e+00
sigma+ 8 1 1 +0.0 +0.5 1 7 1 1 +0.0 +1.5 1 1.01633134e-06 0.00000000e+00
sigma+ 352 4 -1 +3.0 +0.5 2 360 4 -1 +3.0 +1.5 3 -1.01601845e-06 0.00000000e+00
sigma+ 248 4 1 +3.0 +0.5 2 256 4 1 +3.0 +1.5 3 -1.01601844e-06 0.00000000e+00
sigma+ 127 2 -1 +0.0 -1.5 3 128 2 -1 +0.0 -0.5 4 1.01181420e-06 0.00000000e+00
sigma+ 95 3 1 +2.0 +1.5 2 302 4 1 +2.0 +2.5 1 -1.22385802e-24 -1.00815581e-06
sigma+ 227 3 -1 +2.0 +1.5 2 374 4 -1 +2.0 +2.5 1 1.00815580e-06 2.18301293e-25
sigma+ 434 4 -1 +0.0 -0.5 3 424 4 -1 +0.0 +0.5 2 1.00431369e-06 0.00000000e+00
sigma+ 412 4 -1 +0.0 +1.5 1 411 4 -1 +0.0 +2.5 1 -9.97939266e-07 0.00000000e+00
sigma+ 157 3 1 +0.0 +0.5 2 156 3 1 +0.0 +1.5 2 -9.96277954e-07 0.00000000e+00
sigma+ 124 2 -1 +0.0 +1.5 3 111 2 -1 +0.0 +2.5 1 -9.91217872e-07 0.00000000e+00
sigma+ 63 3 1 +3.0 -1.5 2 238 4 1 +3.0 -0.5 1 9.90159069e-07 0.00000000e+00
sigma+ 187 3 -1 +3.0 -1.5 2 342 4 -1 +3.0 -0.5 1 9.90158945e-07 0.00000000e+00
sigma+ 240 4 1 +3.0 -2.5 1 54 3 1 +3.0 -1.5 1 9.89343365e-07 0.00000000e+00
sigma+ 344 4 -1 +3.0 -2.5 1 178 3 -1 +3.0 -1.5 1 -9.89343349e-07 0.00000000e+00
sigma+ 10 1 1 +0.0 -1.5 1 165 3 1 +0.0 -0.5 3 -9.83204196e-07 0.00000000e+00
sigma+ 113 2 -1 +0.0 +0.5 1 423 4 -1 +0.0 +1.5 2 9.81541203e-07 0.00000000e+00
sigma+ 57 3 1 +3.0 -4.5 1 261 4 1 +3.0 -3.5 3 -9.80402859e-07 0.00000000e+00
sigma+ 181 3 -1 +3.0 -4.5 1 365 4 -1 +3.0 -3.5 3 9.80402849e-07 0.00000000e+00
sigma+ 324 4 1 +1.0 -1.5 1 323 4 1 +1.0 -0.5 1 9.79837133e-07 -7.50672697e-24
sigma+ 396 4 -1 +1.0 -1.5 1 395 4 -1 +1.0 -0.5 1 -6.17026226e-21 9.79837130e-07
sigma+ 37 2 1 +1.0 -2.5 1 333 4 1 +1.0 -1.5 2 -1.86798316e-24 9.74512094e-07
sigma+ 105 2 -1 +1.0 -2.5 1 405 4 -1 +1.0 -1.5 2 -6.04484061e-20 -9.74512081e-07
sigma+ 138 3 1 +1.0 +2.5 2 130 3 1 +1.0 +3.5 1 -9.72067407e-07 -3.16811488e-25
sigma+ 276 3 -1 +1.0 +2.5 2 268 3 -1 +1.0 +3.5 1 -9.72067380e-07 7.36783806e-26
sigma+ 438 4 -1 +0.0 -2.5 4 435 4 -1 +0.0 -1.5 3 9.70082069e-07 0.00000000e+00
sigma+ 424 4 -1 +0.0 +0.5 2 432 4 -1 +0.0 +1.5 3 9.65298484e-07 0.00000000e+00
sigma+ 41 2 1 +1.0 +1.5 2 131 3 1 +1.0 +2.5 1 -9.65072421e-07 8.02138182e-21
sigma+ 109 2 -1 +1.0 +1.5 2 269 3 -1 +1.0 +2.5 1 -1.68286767e-21 9.65072394e-07
sigma+ 257 4 1 +3.0 +0.5 3 266 4 1 +3.0 +1.5 4 9.64068535e-07 0.00000000e+00
sigma+ 361 4 -1 +3.0 +0.5 3 370 4 -1 +3.0 +1.5 4 -9.64068532e-07 0.00000000e+00
sigma+ 143 3 1 +1.0 -1.5 2 134 3 1 +1.0 -0.5 1 -1.21806751e-16 -9.62741089e-07
sigma+ 281 3 -1 +1.0 -1.5 2 272 3 -1 +1.0 -0.5 1 -9.62736212e-07 -2.70938506e-24
sigma+ 362 4 -1 +3.0 -0.5 3 369 4 -1 +3.0 +0.5 4 9.59886685e-07 0.00000000e+00
sigma+ 258 4 1 +3.0 -0.5 3 265 4 1 +3.0 +0.5 4 -9.59886685e-07 0.00000000e+00
sigma+ 361 4 -1 +3.0 +0.5 3 199 3 -1 +3.0 +1.5 4 -9.59130339e-07 0.00000000e+00
sigma+ 257 4 1 +3.0 +0.5 3 75 3 1 +3.0 +1.5 4 -9.59130304e-07 0.00000000e+00
sigma+ 108 2 -1 +1.0 +0.5 2 270 3 -1 +1.0 +1.5 1 -3.85902204e-41 -9.59118212e-07
sigma+ 40 2 1 +1.0 +0.5 2 132 3 1 +1.0 +1.5 1 -8.91209922e-21 9.59118211e-07
sigma+ 260 4 1 +3.0 -2.5 3 250 4 1 +3.0 -1.5 2 9.56716611e-07 0.00000000e+00
sigma+ 364 4 -1 +3.0 -2.5 3 354 4 -1 +3.0 -1.5 2 -9.56716575e-07 0.00000000e+00
sigma+ 126 2 -1 +0.0 -0.5 3 125 2 -1 +0.0 +0.5 3 9.55217667e-07 0.00000000e+00
sigma+ 364 4 -1 +3.0 -2.5 3 194 3 -1 +3.0 -1.5 3 -9.54617055e-07 0.00000000e+00
sigma+ 260 4 1 +3.0 -2.5 3 70 3 1 +3.0 -1.5 3 9.54617036e-07 0.00000000e+00
sigma+ 131 3 1 +1.0 +2.5 1 319 4 1 +1.0 +3.5 1 -9.49053184e-07 3.06696833e-21
sigma+ 269 3 -1 +1.0 +2.5 1 391 4 -1 +1.0 +3.5 1 -3.41958627e-25 -9.49053179e-07
sigma+ 440 4 -1 +0.0 -0.5 4 433 4 -1 +0.0 +0.5 3 -9.47867379e-07 0.00000000e+00
sigma+ 160 3 1 +0.0 -2.5 2 168 3 1 +0.0 -1.5 4 -9.47739402e-07 0.00000000e+00
sigma+ 428 4 -1 +0.0 -3.5 2 116 2 -1 +0.0 -2.5 1 -9.44165264e-07 0.00000000e+00
sigma+ 257 4 1 +3.0 +0.5 3 256 4 1 +3.0 +1.5 3 9.42944090e-07 0.00000000e+00
sigma+ 361 4 -1 +3.0 +0.5 3 360 4 -1 +3.0 +1.5 3 -9.42944070e-07 0.00000000e+00
sigma+ 125 2 -1 +0.0 +0.5 3 112 2 -1 +0.0 +1.5 1 -9.40123182e-07 0.00000000e+00
sigma+ 38 2 1 +1.0 -1.5 2 35 2 1 +1.0 -0.5 1 -9.38881390e-07 1.44995005e-24
sigma+ 106 2 -1 +1.0 -1.5 2 103 2 -1 +1.0 -0.5 1 3.86405256e-24 9.38881365e-07
sigma+ 166 3 1 +0.0 -1.5 3 169 3 1 +0.0 -0.5 4 -9.38506750e-07 0.00000000e+00
sigma+ 279 3 -1 +1.0 +0.5 2 402 4 -1 +1.0 +1.5 2 -2.98335181e-24 -9.36929864e-07
sigma+ 141 3 1 +1.0 +0.5 2 330 4 1 +1.0 +1.5 2 2.21726152e-24 9.36929859e-07
sigma+ 303 4 1 +2.0 +1.5 1 18 2 1 +2.0 +2.5 1 -3.75226950e-24 9.29596463e-07
sigma+ 375 4 -1 +2.0 +1.5 1 76 2 -1 +2.0 +2.5 1 9.29596460e-07 3.75226948e-24
sigma+ 96 3 1 +2.0 +0.5 2 303 4 1 +2.0 +1.5 1 9.29364853e-07 1.33954577e-19
sigma+ 228 3 -1 +2.0 +0.5 2 375 4 -1 +2.0 +1.5 1 -9.29364850e-07 7.84552065e-24
sigma+ 150 3 1 +0.0 -1.5 1 158 3 1 +0.0 -0.5 2 9.29117651e-07 0.00000000e+00
sigma+ 122 2 -1 +0.0 -1.5 2 121 2 -1 +0.0 -0.5 2 -9.27891662e-07 0.00000000e+00
sigma+ 249 4 1 +3.0 -0.5 2 257 4 1 +3.0 +0.5 3 -9.27486884e-07 0.00000000e+00
sigma+ 353 4 -1 +3.0 -0.5 2 361 4 -1 +3.0 +0.5 3 -9.27486874e-07 0.00000000e+00
sigma+ 433 4 -1 +0.0 +0.5 3 442 4 -1 +0.0 +1.5 4 -9.26458939e-07 0.00000000e+00
sigma+ 250 4 1 +3.0 -1.5 2 53 3 1 +3.0 -0.5 1 9.21398047e-07 0.00000000e+00
sigma+ 354 4 -1 +3.0 -1.5 2 177 3 -1 +3.0 -0.5 1 9.21398017e-07 0.00000000e+00
sigma+ 351 4 -1 +3.0 +1.5 2 359 4 -1 +3.0 +2.5 3 -9.20590005e-07 0.00000000e+00
sigma+ 247 4 1 +3.0 +1.5 2 255 4 1 +3.0 +2.5 3 9.20589972e-07 0.00000000e+00
sigma+ 288 4 -1 +4.0 -1.5 1 296 4 -1 +4.0 -0.5 2 -9.18892846e-07 3.27940040e-24
sigma+ 206 4 1 +4.0 -1.5 1 214 4 1 +4.0 -0.5 2 1.21953783e-24 -9.18892809e-07
sigma+ 169 3 1 +0.0 -0.5 4 170 3 1 +0.0 +0.5 4 9.12019616e-07 0.00000000e+00
sigma+ 262 4 1 +3.0 -2.5 4 259 4 1 +3.0 -1.5 3 9.07816479e-07 0.00000000e+00
sigma+ 366 4 -1 +3.0 -2.5 4 363 4 -1 +3.0 -1.5 3 9.07816429e-07 0.00000000e+00
sigma+ 196 3 -1 +3.0 -1.5 4 362 4 -1 +3.0 -0.5 3 -9.07142379e-07 0.00000000e+00
sigma+ 72 3 1 +3.0 -1.5 4 258 4 1 +3.0 -0.5 3 -9.07142264e-07 0.00000000e+00
sigma+ 435 4 -1 +0.0 -1.5 3 128 2 -1 +0.0 -0.5 4 -9.06084451e-07 0.00000000e+00
sigma+ 116 2 -1 +0.0 -2.5 1 122 2 -1 +0.0 -1.5 2 9.05742621e-07 0.00000000e+00
sigma+ 159 3 1 +0.0 -1.5 2 169 3 1 +0.0 -0.5 4 9.03582776e-07 0.00000000e+00
sigma+ 94 3 1 +2.0 +2.5 2 301 4 1 +2.0 +3.5 1 -6.38375318e-24 -9.03111999e-07
sigma+ 226 3 -1 +2.0 +2.5 2 373 4 -1 +2.0 +3.5 1 -9.03111979e-07 6.30798016e-24
sigma+ 5 1 1 +1.0 +0.5 2 0 1 1 +1.0 +1.5 1 9.01517008e-07 -1.11059412e-24
sigma+ 47 1 -1 +1.0 +0.5 2 42 1 -1 +1.0 +1.5 1 -9.01517007e-07 1.76375417e-24
sigma+ 426 4 -1 +0.0 -1.5 2 414 4 -1 +0.0 -0.5 1 9.00295514e-07 0.00000000e+00
sigma+ 117 2 -1 +0.0 -3.5 1 416 4 -1 +0.0 -2.5 1 8.95957923e-07 0.00000000e+00
sigma+ 434 4 -1 +0.0 -0.5 3 441 4 -1 +0.0 +0.5 4 -8.93771862e-07 0.00000000e+00
sigma+ 258 4 1 +3.0 -0.5 3 248 4 1 +3.0 +0.5 2 8.93384066e-07 0.00000000e+00
sigma+ 362 4 -1 +3.0 -0.5 3 352 4 -1 +3.0 +0.5 2 -8.93384059e-07 0.00000000e+00
sigma+ 423 4 -1 +0.0 +1.5 2 431 4 -1 +0.0 +2.5 3 -8.90070126e-07 0.00000000e+00
sigma+ 54 3 1 +3.0 -1.5 1 249 4 1 +3.0 -0.5 2 -8.86706122e-07 0.00000000e+00
sigma+ 178 3 -1 +3.0 -1.5 1 353 4 -1 +3.0 -0.5 2 -8.86705980e-07 0.00000000e+00
sigma+ 159 3 1 +0.0 -1.5 2 165 3 1 +0.0 -0.5 3 8.81620661e-07 0.00000000e+00
sigma+ 59 3 1 +3.0 +2.5 2 49 3 1 +3.0 +3.5 1 -8.79940235e-07 0.00000000e+00
sigma+ 183 3 -1 +3.0 +2.5 2 173 3 -1 +3.0 +3.5 1 8.79940214e-07 0.00000000e+00
sigma+ 134 3 1 +1.0 -0.5 1 40 2 1 +1.0 +0.5 2 3.88414074e-21 8.77565272e-07
sigma+ 272 3 -1 +1.0 -0.5 1 108 2 -1 +1.0 +0.5 2 -1.21441313e-23 8.77565268e-07
sigma+ 284 4 -1 +4.0 +2.5 1 292 4 -1 +4.0 +3.5 2 -8.76741836e-07 -4.12557938e-24
sigma+ 202 4 1 +4.0 +2.5 1 210 4 1 +4.0 +3.5 2 -1.39507755e-25 -8.76741816e-07
sigma+ 271 3 -1 +1.0 +0.5 1 277 3 -1 +1.0 +1.5 2 -1.07698234e-19 8.74840541e-07
sigma+ 133 3 1 +1.0 +0.5 1 139 3 1 +1.0 +1.5 2 -8.74840521e-07 -1.60672182e-23
sigma+ 143 3 1 +1.0 -1.5 2 39 2 1 +1.0 -0.5 2 -7.15933706e-24 -8.73308346e-07
sigma+ 281 3 -1 +1.0 -1.5 2 107 2 -1 +1.0 -0.5 2 3.42018014e-40 8.73303884e-07
sigma+ 427 4 -1 +0.0 -2.5 2 415 4 -1 +0.0 -1.5 1 8.73084984e-07 0.00000000e+00
sigma+ 188 3 -1 +3.0 -2.5 2 194 3 -1 +3.0 -1.5 3 -8.70780946e-07 0.00000000e+00
sigma+ 64 3 1 +3.0 -2.5 2 70 3 1 +3.0 -1.5 3 8.70780899e-07 0.00000000e+00
sigma+ 143 3 1 +1.0 -1.5 2 2 1 1 +1.0 -0.5 1 -9.63738061e-24 8.68928527e-07
sigma+ 281 3 -1 +1.0 -1.5 2 44 1 -1 +1.0 -0.5 1 8.68924167e-07 2.49296103e-24
sigma+ 377 4 -1 +2.0 -0.5 1 228 3 -1 +2.0 +0.5 2 2.14243518e-24 -8.68385561e-07
sigma+ 305 4 1 +2.0 -0.5 1 96 3 1 +2.0 +0.5 2 8.68385532e-07 -2.46462046e-24
sigma+ 111 2 -1 +0.0 +2.5 1 421 4 -1 +0.0 +3.5 2 -8.65564502e-07 0.00000000e+00
sigma+ 437 4 -1 +0.0 -3.5 3 116 2 -1 +0.0 -2.5 1 -8.63785772e-07 0.00000000e+00
sigma+ 227 3 -1 +2.0 +1.5 2 383 4 -1 +2.0 +2.5 2 -8.60396929e-07 1.02531873e-25
sigma+ 95 3 1 +2.0 +1.5 2 311 4 1 +2.0 +2.5 2 -3.51182566e-24 8.60396912e-07
sigma+ 18 2 1 +2.0 +2.5 1 310 4 1 +2.0 +3.5 2 3.54326090e-24 8.59941332e-07
sigma+ 76 2 -1 +2.0 +2.5 1 382 4 -1 +2.0 +3.5 2 3.47111002e-24 8.59941324e-07
sigma+ 425 4 -1 +0.0 -0.5 2 433 4 -1 +0.0 +0.5 3 8.51714649e-07 0.00000000e+00
sigma+ 23 2 1 +2.0 -2.5 1 306 4 1 +2.0 -1.5 1 -3.42943149e-24 -8.49615782e-07
sigma+ 81 2 -1 +2.0 -2.5 1 378 4 -1 +2.0 -1.5 1 3.42943145e-24 8.49615772e-07
sigma+ 295 4 -1 +4.0 +0.5 2 285 4 -1 +4.0 +1.5 1 8.41725415e-07 5.32134002e-24
sigma+ 213 4 1 +4.0 +0.5 2 203 4 1 +4.0 +1.5 1 -8.41725372e-07 -2.97815044e-24
sigma+ 55 3 1 +3.0 -2.5 1 70 3 1 +3.0 -1.5 3 8.41150088e-07 0.00000000e+00
sigma+ 179 3 -1 +3.0 -2.5 1 194 3 -1 +3.0 -1.5 3 8.41150084e-07 0.00000000e+00
sigma+ 368 4 -1 +3.0 -0.5 4 361 4 -1 +3.0 +0.5 3 8.38579714e-07 0.00000000e+00
sigma+ 264 4 1 +3.0 -0.5 4 257 4 1 +3.0 +0.5 3 8.38579711e-07 0.00000000e+00
sigma+ 143 3 1 +1.0 -1.5 2 35 2 1 +1.0 -0.5 1 -6.85990560e-24 -8.36783178e-07
sigma+ 281 3 -1 +1.0 -1.5 2 103 2 -1 +1.0 -0.5 1 3.56946922e-40 -8.36778919e-07
sigma+ 237 4 1 +3.0 +0.5 1 247 4 1 +3.0 +1.5 2 -8.33611745e-07 0.00000000e+00
sigma+ 341 4 -1 +3.0 +0.5 1 351 4 -1 +3.0 +1.5 2 -8.33611736e-07 0.00000000e+00
sigma+ 103 2 -1 +1.0 -0.5 1 403 4 -1 +1.0 +0.5 2 -4.99046907e-24 -8.32432620e-07
sigma+ 35 2 1 +1.0 -0.5 1 331 4 1 +1.0 +0.5 2 8.96239620e-24 -8.32432552e-07
sigma+ 263 4 1 +3.0 -1.5 4 264 4 1 +3.0 -0.5 4 8.30844173e-07 0.00000000e+00
sigma+ 367 4 -1 +3.0 -1.5 4 368 4 -1 +3.0 -0.5 4 -8.30844143e-07 0.00000000e+00
sigma+ 263 4 1 +3.0 -1.5 4 62 3 1 +3.0 -0.5 2 -8.29628235e-07 0.00000000e+00
sigma+ 367 4 -1 +3.0 -1.5 4 186 3 -1 +3.0 -0.5 2 -8.29628184e-07 0.00000000e+00
sigma+ 272 3 -1 +1.0 -0.5 1 279 3 -1 +1.0 +0.5 2 -6.35827125e-24 8.26768875e-07
sigma+ 134 3 1 +1.0 -0.5 1 141 3 1 +1.0 +0.5 2 8.26768874e-07 9.96472036e-20
sigma+ 142 3 1 +1.0 -0.5 2 133 3 1 +1.0 +0.5 1 8.26766951e-07 1.29071311e-16
sigma+ 280 3 -1 +1.0 -0.5 2 271 3 -1 +1.0 +0.5 1 -6.35822412e-24 8.26762747e-07
sigma+ 425 4 -1 +0.0 -0.5 2 413 4 -1 +0.0 +0.5 1 -8.25395430e-07 0.00000000e+00
sigma+ 103 2 -1 +1.0 -0.5 1 108 2 -1 +1.0 +0.5 2 8.24383124e-07 1.16370707e-24
sigma+ 107 2 -1 +1.0 -0.5 2 102 2 -1 +1.0 +0.5 1 8.24383124e-07 1.87271105e-24
sigma+ 39 2 1 +1.0 -0.5 2 34 2 1 +1.0 +0.5 1 -4.22849116e-24 8.24383122e-07
sigma+ 35 2 1 +1.0 -0.5 1 40 2 1 +1.0 +0.5 2 -3.75031151e-24 8.24383122e-07
sigma+ 250 4 1 +3.0 -1.5 2 238 4 1 +3.0 -0.5 1 8.23312442e-07 0.00000000e+00
sigma+ 354 4 -1 +3.0 -1.5 2 342 4 -1 +3.0 -0.5 1 8.23312429e-07 0.00000000e+00
sigma+ 335 4 1 +1.0 -3.5 2 136 3 1 +1.0 -2.5 1 -8.22755298e-07 3.43388625e-25
sigma+ 407 4 -1 +1.0 -3.5 2 274 3 -1 +1.0 -2.5 1 -8.22755268e-07 3.43388636e-25
sigma+ 279 3 -1 +1.0 +0.5 2 101 2 -1 +1.0 +1.5 1 -8.18175197e-07 1.44870009e-23
sigma+ 141 3 1 +1.0 +0.5 2 33 2 1 +1.0 +1.5 1 -8.18175177e-07 -5.17892769e-21
sigma+ 186 3 -1 +3.0 -0.5 2 198 3 -1 +3.0 +0.5 4 -8.15749751e-07 0.00000000e+00
sigma+ 62 3 1 +3.0 -0.5 2 74 3 1 +3.0 +0.5 4 8.15749684e-07 0.00000000e+00
sigma+ 402 4 -1 +1.0 +1.5 2 100 2 -1 +1.0 +2.5 1 -8.15283964e-07 3.44911389e-24
sigma+ 330 4 1 +1.0 +1.5 2 32 2 1 +1.0 +2.5 1 -5.60332121e-24 8.15283959e-07
sigma+ 340 4 -1 +3.0 +1.5 1 350 4 -1 +3.0 +2.5 2 -8.14151059e-07 0.00000000e+00
sigma+ 236 4 1 +3.0 +1.5 1 246 4 1 +3.0 +2.5 2 8.14151023e-07 0.00000000e+00
sigma+ 26 2 1 +2.0 +0.5 2 95 3 1 +2.0 +1.5 2 -8.13062799e-07 -3.13529828e-24
sigma+ 84 2 -1 +2.0 +0.5 2 227 3 -1 +2.0 +1.5 2 7.32248250e-25 8.13062778e-07
sigma+ 9 1 1 +0.0 -0.5 1 8 1 1 +0.0 +0.5 1 -8.12444990e-07 0.00000000e+00
sigma+ 386 4 -1 +2.0 -0.5 2 78 2 -1 +2.0 +0.5 1 1.87008514e-24 8.12220708e-07
sigma+ 314 4 1 +2.0 -0.5 2 20 2 1 +2.0 +0.5 1 -1.87008519e-24 -8.12220680e-07
sigma+ 251 4 1 +3.0 -2.5 2 239 4 1 +3.0 -1.5 1 -8.09510292e-07 0.00000000e+00
sigma+ 355 4 -1 +3.0 -2.5 2 343 4 -1 +3.0 -1.5 1 8.09510272e-07 0.00000000e+00
sigma+ 340 4 -1 +3.0 +1.5 1 183 3 -1 +3.0 +2.5 2 -8.08826239e-07 0.00000000e+00
sigma+ 236 4 1 +3.0 +1.5 1 59 3 1 +3.0 +2.5 2 8.08826175e-07 0.00000000e+00
sigma+ 11 1 1 +0.0 -2.5 1 168 3 1 +0.0 -1.5 4 8.08539264e-07 0.00000000e+00
sigma+ 117 2 -1 +0.0 -3.5 1 436 4 -1 +0.0 -2.5 3 -8.04467477e-07 0.00000000e+00
sigma+ 405 4 -1 +1.0 -1.5 2 103 2 -1 +1.0 -0.5 1 -8.02183446e-07 1.84848617e-23
sigma+ 333 4 1 +1.0 -1.5 2 35 2 1 +1.0 -0.5 1 4.23552013e-25 8.02183442e-07
sigma+ 164 3 1 +0.0 +0.5 3 7 1 1 +0.0 +1.5 1 8.01210798e-07 0.00000000e+00
sigma+ 313 4 1 +2.0 +0.5 2 19 2 1 +2.0 +1.5 1 -8.00577515e-07 3.55294096e-24
sigma+ 385 4 -1 +2.0 +0.5 2 77 2 -1 +2.0 +1.5 1 -8.00577512e-07 3.55294094e-24
sigma+ 140 3 1 +1.0 -2.5 2 135 3 1 +1.0 -1.5 1 4.21096147e-24 7.98807353e-07
sigma+ 278 3 -1 +1.0 -2.5 2 273 3 -1 +1.0 -1.5 1 -7.98807342e-07 2.97150217e-25
sigma+ 34 2 1 +1.0 +0.5 1 139 3 1 +1.0 +1.5 2 -1.44554830e-20 -7.95220494e-07
sigma+ 102 2 -1 +1.0 +0.5 1 277 3 -1 +1.0 +1.5 2 -4.65437997e-41 -7.95220489e-07
sigma+ 241 4 1 +3.0 -3.5 1 55 3 1 +3.0 -2.5 1 7.89314221e-07 0.00000000e+00
sigma+ 345 4 -1 +3.0 -3.5 1 179 3 -1 +3.0 -2.5 1 7.89314199e-07 0.00000000e+00
sigma+ 413 4 -1 +0.0 +0.5 1 423 4 -1 +0.0 +1.5 2 -7.88775588e-07 0.00000000e+00
sigma+ 54 3 1 +3.0 -1.5 1 69 3 1 +3.0 -0.5 3 7.87474231e-07 0.00000000e+00
sigma+ 178 3 -1 +3.0 -1.5 1 193 3 -1 +3.0 -0.5 3 7.87474217e-07 0.00000000e+00
sigma+ 137 3 1 +1.0 -3.5 1 334 4 1 +1.0 -2.5 2 7.87358031e-07 -1.90078115e-24
sigma+ 275 3 -1 +1.0 -3.5 1 406 4 -1 +1.0 -2.5 2 3.03158541e-24 7.87358023e-07
sigma+ 128 2 -1 +0.0 -0.5 4 120 2 -1 +0.0 +0.5 2 7.84759234e-07 0.00000000e+00
sigma+ 221 3 -1 +2.0 +0.5 1 85 2 -1 +2.0 +1.5 2 -7.84003464e-07 9.69654304e-25
sigma+ 89 3 1 +2.0 +0.5 1 27 2 1 +2.0 +1.5 2 3.29437058e-24 -7.84003446e-07
sigma+ 412 4 -1 +0.0 +1.5 1 422 4 -1 +0.0 +2.5 2 -7.83438740e-07 0.00000000e+00
sigma+ 34 2 1 +1.0 +0.5 1 41 2 1 +1.0 +1.5 2 -8.83972895e-25 7.81941128e-07
sigma+ 102 2 -1 +1.0 +0.5 1 109 2 -1 +1.0 +1.5 2 7.81941126e-07 4.71263266e-24
sigma+ 36 2 1 +1.0 -1.5 1 142 3 1 +1.0 -0.5 2 7.78222528e-07 5.94393768e-17
sigma+ 104 2 -1 +1.0 -1.5 1 280 3 -1 +1.0 -0.5 2 7.78218556e-07 -1.97330621e-23
sigma+ 120 2 -1 +0.0 +0.5 2 432 4 -1 +0.0 +1.5 3 7.72802874e-07 0.00000000e+00
sigma+ 74 3 1 +3.0 +0.5 4 60 3 1 +3.0 +1.5 2 7.72738037e-07 0.00000000e+00
sigma+ 198 3 -1 +3.0 +0.5 4 184 3 -1 +3.0 +1.5 2 7.72738028e-07 0.00000000e+00
sigma+ 109 2 -1 +1.0 +1.5 2 100 2 -1 +1.0 +2.5 1 3.53985516e-24 7.69747079e-07
sigma+ 41 2 1 +1.0 +1.5 2 32 2 1 +1.0 +2.5 1 -7.69747077e-07 0.00000000e+00
sigma+ 199 3 -1 +3.0 +1.5 4 183 3 -1 +3.0 +2.5 2 7.69122804e-07 0.00000000e+00
sigma+ 75 3 1 +3.0 +1.5 4 59 3 1 +3.0 +2.5 2 7.69122795e-07 0.00000000e+00
sigma+ 208 4 1 +4.0 -3.5 1 216 4 1 +4.0 -2.5 2 -7.66696303e-07 9.75237555e-24
sigma+ 290 4 -1 +4.0 -3.5 1 298 4 -1 +4.0 -2.5 2 -1.05270110e-23 -7.66696267e-07
sigma+ 128 2 -1 +0.0 -0.5 4 433 4 -1 +0.0 +0.5 3 7.64270834e-07 0.00000000e+00
sigma+ 22 2 1 +2.0 -1.5 1 314 4 1 +2.0 -0.5 2 -7.59804190e-07 3.37193773e-25
sigma+ 80 2 -1 +2.0 -1.5 1 386 4 -1 +2.0 -0.5 2 -7.59804182e-07 3.37193770e-25
sigma+ 136 3 1 +1.0 -2.5 1 36 2 1 +1.0 -1.5 1 -7.59478607e-07 4.02716804e-40
sigma+ 274 3 -1 +1.0 -2.5 1 104 2 -1 +1.0 -1.5 1 -7.59478603e-07 4.87621429e-40
sigma+ 418 4 -1 +0.0 -4.5 1 428 4 -1 +0.0 -3.5 2 7.59437280e-07 0.00000000e+00
sigma+ 352 4 -1 +3.0 +0.5 2 351 4 -1 +3.0 +1.5 2 7.54424539e-07 0.00000000e+00
sigma+ 248 4 1 +3.0 +0.5 2 247 4 1 +3.0 +1.5 2 -7.54424522e-07 0.00000000e+00
sigma+ 230 3 -1 +2.0 -0.5 2 376 4 -1 +2.0 +0.5 1 -7.65884278e-25 7.52729445e-07
sigma+ 98 3 1 +2.0 -0.5 2 304 4 1 +2.0 +0.5 1 -1.92353278e-19 -7.52729397e-07
sigma+ 342 4 -1 +3.0 -0.5 1 352 4 -1 +3.0 +0.5 2 7.51373788e-07 0.00000000e+00
sigma+ 238 4 1 +3.0 -0.5 1 248 4 1 +3.0 +0.5 2 7.51373782e-07 0.00000000e+00
sigma+ 352 4 -1 +3.0 +0.5 2 175 3 -1 +3.0 +1.5 1 -7.49013415e-07 0.00000000e+00
sigma+ 248 4 1 +3.0 +0.5 2 51 3 1 +3.0 +1.5 1 7.49013383e-07 0.00000000e+00
sigma+ 8 1 1 +0.0 +0.5 1 163 3 1 +0.0 +1.5 3 7.44326504e-07 0.00000000e+00
sigma+ 180 3 -1 +3.0 -3.5 1 195 3 -1 +3.0 -2.5 3 -7.43392285e-07 0.00000000e+00
sigma+ 56 3 1 +3.0 -3.5 1 71 3 1 +3.0 -2.5 3 -7.43392280e-07 0.00000000e+00
sigma+ 428 4 -1 +0.0 -3.5 2 416 4 -1 +0.0 -2.5 1 7.41549118e-07 0.00000000e+00
sigma+ 262 4 1 +3.0 -2.5 4 63 3 1 +3.0 -1.5 2 -7.41294982e-07 0.00000000e+00
sigma+ 366 4 -1 +3.0 -2.5 4 187 3 -1 +3.0 -1.5 2 7.41294979e-07 0.00000000e+00
sigma+ 442 4 -1 +0.0 +1.5 4 118 2 -1 +0.0 +2.5 2 -7.39461310e-07 0.00000000e+00
sigma+ 44 1 -1 +1.0 -0.5 1 43 1 -1 +1.0 +0.5 1 -1.60644040e-24 7.38143474e-07
sigma+ 46 1 -1 +1.0 -0.5 2 47 1 -1 +1.0 +0.5 2 1.08664853e-24 -7.38143474e-07
sigma+ 2 1 1 +1.0 -0.5 1 1 1 1 +1.0 +0.5 1 6.26861616e-25 -7.38143463e-07
sigma+ 4 1 1 +1.0 -0.5 2 5 1 1 +1.0 +0.5 2 1.53143334e-24 -7.38143463e-07
sigma+ 353 4 -1 +3.0 -0.5 2 341 4 -1 +3.0 +0.5 1 7.37342672e-07 0.00000000e+00
sigma+ 249 4 1 +3.0 -0.5 2 237 4 1 +3.0 +0.5 1 7.37342670e-07 0.00000000e+00
sigma+ 176 3 -1 +3.0 +0.5 1 351 4 -1 +3.0 +1.5 2 -7.36979418e-07 0.00000000e+00
sigma+ 52 3 1 +3.0 +0.5 1 247 4 1 +3.0 +1.5 2 7.36979346e-07 0.00000000e+00
sigma+ 129 2 -1 +0.0 +0.5 4 28 0 -1 +0.0 +1.5 1 -7.36512044e-07 0.00000000e+00
sigma+ 184 3 -1 +3.0 +1.5 2 350 4 -1 +3.0 +2.5 2 7.35892327e-07 0.00000000e+00
sigma+ 60 3 1 +3.0 +1.5 2 246 4 1 +3.0 +2.5 2 7.35892311e-07 0.00000000e+00
sigma+ 437 4 -1 +0.0 -3.5 3 427 4 -1 +0.0 -2.5 2 7.34234731e-07 0.00000000e+00
sigma+ 115 2 -1 +0.0 -1.5 1 121 2 -1 +0.0 -0.5 2 7.33019709e-07 0.00000000e+00
sigma+ 399 4 -1 +1.0 -4.5 1 407 4 -1 +1.0 -3.5 2 -7.32340133e-07 9.79229732e-25
sigma+ 327 4 1 +1.0 -4.5 1 335 4 1 +1.0 -3.5 2 2.47828804e-24 7.32340114e-07
sigma+ 107 2 -1 +1.0 -0.5 2 271 3 -1 +1.0 +0.5 1 -7.29968451e-07 -1.86001453e-23
sigma+ 39 2 1 +1.0 -0.5 2 133 3 1 +1.0 +0.5 1 -7.29968446e-07 -8.42992739e-24
sigma+ 341 4 -1 +3.0 +0.5 1 340 4 -1 +3.0 +1.5 1 7.29912616e-07 0.00000000e+00
sigma+ 237 4 1 +3.0 +0.5 1 236 4 1 +3.0 +1.5 1 -7.29912609e-07 0.00000000e+00
sigma+ 123 2 -1 +0.0 -2.5 2 122 2 -1 +0.0 -1.5 2 7.18725621e-07 0.00000000e+00
sigma+ 247 4 1 +3.0 +1.5 2 66 3 1 +3.0 +2.5 3 7.15499261e-07 0.00000000e+00
sigma+ 351 4 -1 +3.0 +1.5 2 190 3 -1 +3.0 +2.5 3 -7.15499246e-07 0.00000000e+00
sigma+ 433 4 -1 +0.0 +0.5 3 423 4 -1 +0.0 +1.5 2 7.12453637e-07 0.00000000e+00
sigma+ 436 4 -1 +0.0 -2.5 3 115 2 -1 +0.0 -1.5 1 7.11366330e-07 0.00000000e+00
sigma+ 256 4 1 +3.0 +1.5 3 267 4 1 +3.0 +2.5 4 -7.03929948e-07 0.00000000e+00
sigma+ 360 4 -1 +3.0 +1.5 3 371 4 -1 +3.0 +2.5 4 7.03929913e-07 0.00000000e+00
sigma+ 428 4 -1 +0.0 -3.5 2 436 4 -1 +0.0 -2.5 3 7.03845929e-07 0.00000000e+00
sigma+ 155 3 1 +0.0 +2.5 2 145 3 1 +0.0 +3.5 1 7.03001963e-07 0.00000000e+00
sigma+ 259 4 1 +3.0 -1.5 3 258 4 1 +3.0 -0.5 3 6.99825119e-07 0.00000000e+00
sigma+ 363 4 -1 +3.0 -1.5 3 362 4 -1 +3.0 -0.5 3 6.99825115e-07 0.00000000e+00
sigma+ 160 3 1 +0.0 -2.5 2 166 3 1 +0.0 -1.5 3 -6.99165922e-07 0.00000000e+00
sigma+ 16 1 1 +0.0 +0.5 3 156 3 1 +0.0 +1.5 2 -6.96770309e-07 0.00000000e+00
sigma+ 371 4 -1 +3.0 +2.5 4 182 3 -1 +3.0 +3.5 2 6.96359218e-07 0.00000000e+00
sigma+ 267 4 1 +3.0 +2.5 4 58 3 1 +3.0 +3.5 2 6.96359163e-07 0.00000000e+00
sigma+ 356 4 -1 +3.0 -3.5 2 344 4 -1 +3.0 -2.5 1 -6.93815607e-07 0.00000000e+00
sigma+ 252 4 1 +3.0 -3.5 2 240 4 1 +3.0 -2.5 1 -6.93815590e-07 0.00000000e+00
sigma+ 235 4 1 +3.0 +2.5 1 245 4 1 +3.0 +3.5 2 6.93212098e-07 0.00000000e+00
sigma+ 339 4 -1 +3.0 +2.5 1 349 4 -1 +3.0 +3.5 2 6.93212041e-07 0.00000000e+00
sigma+ 414 4 -1 +0.0 -0.5 1 424 4 -1 +0.0 +0.5 2 6.90011806e-07 0.00000000e+00
sigma+ 81 2 -1 +2.0 -2.5 1 387 4 -1 +2.0 -1.5 2 -2.78113804e-24 -6.89005969e-07
sigma+ 23 2 1 +2.0 -2.5 1 315 4 1 +2.0 -1.5 2 -2.78113799e-24 -6.89005957e-07
sigma+ 365 4 -1 +3.0 -3.5 3 355 4 -1 +3.0 -2.5 2 -6.88817741e-07 0.00000000e+00
sigma+ 261 4 1 +3.0 -3.5 3 251 4 1 +3.0 -2.5 2 6.88817713e-07 0.00000000e+00
sigma+ 432 4 -1 +0.0 +1.5 3 443 4 -1 +0.0 +2.5 4 6.86739805e-07 0.00000000e+00
sigma+ 17 1 1 +0.0 -0.5 3 16 1 1 +0.0 +0.5 3 6.84350997e-07 0.00000000e+00
sigma+ 160 3 1 +0.0 -2.5 2 10 1 1 +0.0 -1.5 1 -6.81044513e-07 0.00000000e+00
sigma+ 62 3 1 +3.0 -0.5 2 265 4 1 +3.0 +0.5 4 6.78744760e-07 0.00000000e+00
sigma+ 186 3 -1 +3.0 -0.5 2 369 4 -1 +3.0 +0.5 4 6.78744706e-07 0.00000000e+00
sigma+ 293 4 -1 +4.0 +2.5 2 283 4 -1 +4.0 +3.5 1 6.75849502e-07 1.39597292e-24
sigma+ 211 4 1 +4.0 +2.5 2 201 4 1 +4.0 +3.5 1 -1.85400011e-24 6.75849483e-07
sigma+ 411 4 -1 +0.0 +2.5 1 421 4 -1 +0.0 +3.5 2 6.74288558e-07 0.00000000e+00
sigma+ 151 3 1 +0.0 -2.5 1 166 3 1 +0.0 -1.5 3 -6.73249948e-07 0.00000000e+00
sigma+ 185 3 -1 +3.0 +0.5 2 370 4 -1 +3.0 +1.5 4 6.68230138e-07 0.00000000e+00
sigma+ 61 3 1 +3.0 +0.5 2 266 4 1 +3.0 +1.5 4 -6.68230134e-07 0.00000000e+00
sigma+ 191 3 -1 +3.0 +1.5 3 174 3 -1 +3.0 +2.5 1 -6.67043712e-07 0.00000000e+00
sigma+ 67 3 1 +3.0 +1.5 3 50 3 1 +3.0 +2.5 1 6.67043688e-07 0.00000000e+00
sigma+ 64 3 1 +3.0 -2.5 2 239 4 1 +3.0 -1.5 1 -6.65342284e-07 0.00000000e+00
sigma+ 188 3 -1 +3.0 -2.5 2 343 4 -1 +3.0 -1.5 1 -6.65342257e-07 0.00000000e+00
sigma+ 334 4 1 +1.0 -2.5 2 135 3 1 +1.0 -1.5 1 -6.63760503e-07 -1.86332735e-24
sigma+ 406 4 -1 +1.0 -2.5 2 273 3 -1 +1.0 -1.5 1 -6.63760498e-07 -1.67711951e-21
sigma+ 264 4 1 +3.0 -0.5 4 61 3 1 +3.0 +0.5 2 -6.62509665e-07 0.00000000e+00
sigma+ 368 4 -1 +3.0 -0.5 4 185 3 -1 +3.0 +0.5 2 -6.62509643e-07 0.00000000e+00
sigma+ 120 2 -1 +0.0 +0.5 2 119 2 -1 +0.0 +1.5 2 -6.62131541e-07 0.00000000e+00
sigma+ 116 2 -1 +0.0 -2.5 1 435 4 -1 +0.0 -1.5 3 6.61464341e-07 0.00000000e+00
sigma+ 270 3 -1 +1.0 +1.5 1 276 3 -1 +1.0 +2.5 2 -6.59115415e-07 1.60002279e-19
sigma+ 132 3 1 +1.0 +1.5 1 138 3 1 +1.0 +2.5 2 6.59115403e-07 -8.17889178e-24
sigma+ 126 2 -1 +0.0 -0.5 3 113 2 -1 +0.0 +0.5 1 -6.58002868e-07 0.00000000e+00
sigma+ 119 2 -1 +0.0 +1.5 2 431 4 -1 +0.0 +2.5 3 6.55576682e-07 0.00000000e+00
sigma+ 119 2 -1 +0.0 +1.5 2 443 4 -1 +0.0 +2.5 4 6.54721039e-07 0.00000000e+00
sigma+ 403 4 -1 +1.0 +0.5 2 402 4 -1 +1.0 +1.5 2 6.53634701e-07 1.09973294e-24
sigma+ 331 4 1 +1.0 +0.5 2 330 4 1 +1.0 +1.5 2 -6.53634698e-07 7.88492849e-24
sigma+ 158 3 1 +0.0 -0.5 2 170 3 1 +0.0 +0.5 4 6.52503368e-07 0.00000000e+00
sigma+ 325 4 1 +1.0 -2.5 1 143 3 1 +1.0 -1.5 2 -6.52337041e-07 -2.29316781e-24
sigma+ 397 4 -1 +1.0 -2.5 1 281 3 -1 +1.0 -1.5 2 6.52333719e-07 2.06506173e-21
sigma+ 424 4 -1 +0.0 +0.5 2 412 4 -1 +0.0 +1.5 1 -6.50064396e-07 0.00000000e+00
sigma+ 220 3 -1 +2.0 +1.5 1 374 4 -1 +2.0 +2.5 1 6.48591407e-07 4.07426775e-25
sigma+ 88 3 1 +2.0 +1.5 1 302 4 1 +2.0 +2.5 1 -4.99892962e-24 -6.48591390e-07
sigma+ 254 4 1 +3.0 +3.5 3 48 3 1 +3.0 +4.5 1 6.47545679e-07 0.00000000e+00
sigma+ 358 4 -1 +3.0 +3.5 3 172 3 -1 +3.0 +4.5 1 6.47545657e-07 0.00000000e+00
sigma+ 250 4 1 +3.0 -1.5 2 258 4 1 +3.0 -0.5 3 6.46800972e-07 0.00000000e+00
sigma+ 354 4 -1 +3.0 -1.5 2 362 4 -1 +3.0 -0.5 3 -6.46800910e-07 0.00000000e+00
sigma+ 177 3 -1 +3.0 -0.5 1 192 3 -1 +3.0 +0.5 3 6.45035055e-07 0.00000000e+00
sigma+ 53 3 1 +3.0 -0.5 1 68 3 1 +3.0 +0.5 3 -6.45035023e-07 0.00000000e+00
sigma+ 259 4 1 +3.0 -1.5 3 264 4 1 +3.0 -0.5 4 6.43860840e-07 0.00000000e+00
sigma+ 363 4 -1 +3.0 -1.5 3 368 4 -1 +3.0 -0.5 4 6.43860800e-07 0.00000000e+00
sigma+ 246 4 1 +3.0 +2.5 2 254 4 1 +3.0 +3.5 3 6.43621038e-07 0.00000000e+00
sigma+ 350 4 -1 +3.0 +2.5 2 358 4 -1 +3.0 +3.5 3 -6.43621032e-07 0.00000000e+00
sigma+ 24 2 1 +2.0 -1.5 2 90 3 1 +2.0 -0.5 1 6.42763971e-07 1.72951357e-24
sigma+ 82 2 -1 +2.0 -1.5 2 222 3 -1 +2.0 -0.5 1 -6.42763954e-07 -3.70253262e-24
sigma+ 385 4 -1 +2.0 +0.5 2 220 3 -1 +2.0 +1.5 1 -8.60117367e-24 -6.41881299e-07
sigma+ 313 4 1 +2.0 +0.5 2 88 3 1 +2.0 +1.5 1 6.41881257e-07 8.62162025e-25
sigma+ 401 4 -1 +1.0 +2.5 2 268 3 -1 +1.0 +3.5 1 1.11304918e-24 -6.39230311e-07
sigma+ 329 4 1 +1.0 +2.5 2 130 3 1 +1.0 +3.5 1 -3.46781591e-24 -6.39230296e-07
sigma+ 239 4 1 +3.0 -1.5 1 238 4 1 +3.0 -0.5 1 -6.35408769e-07 0.00000000e+00
sigma+ 343 4 -1 +3.0 -1.5 1 342 4 -1 +3.0 -0.5 1 6.35408735e-07 0.00000000e+00
sigma+ 136 3 1 +1.0 -2.5 1 333 4 1 +1.0 -1.5 2 3.79493478e-24 -6.31181933e-07
sigma+ 274 3 -1 +1.0 -2.5 1 405 4 -1 +1.0 -1.5 2 1.36982456e-24 6.31181927e-07
sigma+ 354 4 -1 +3.0 -1.5 2 353 4 -1 +3.0 -0.5 2 6.30475551e-07 0.00000000e+00
sigma+ 250 4 1 +3.0 -1.5 2 249 4 1 +3.0 -0.5 2 -6.30475520e-07 0.00000000e+00
sigma+ 150 3 1 +0.0 -1.5 1 165 3 1 +0.0 -0.5 3 6.30347866e-07 0.00000000e+00
sigma+ 363 4 -1 +3.0 -1.5 3 177 3 -1 +3.0 -0.5 1 -6.29114137e-07 0.00000000e+00
sigma+ 259 4 1 +3.0 -1.5 3 53 3 1 +3.0 -0.5 1 6.29114130e-07 0.00000000e+00
sigma+ 422 4 -1 +0.0 +2.5 2 430 4 -1 +0.0 +3.5 3 6.28926239e-07 0.00000000e+00
sigma+ 221 3 -1 +2.0 +0.5 1 384 4 -1 +2.0 +1.5 2 -6.26147182e-07 6.58588077e-24
sigma+ 89 3 1 +2.0 +0.5 1 312 4 1 +2.0 +1.5 2 -6.26147173e-07 3.65876052e-21
sigma+ 441 4 -1 +0.0 +0.5 4 119 2 -1 +0.0 +1.5 2 -6.21577215e-07 0.00000000e+00
sigma+ 10 1 1 +0.0 -1.5 1 14 1 1 +0.0 -0.5 2 -6.20280083e-07 0.00000000e+00
sigma+ 170 3 1 +0.0 +0.5 4 156 3 1 +0.0 +1.5 2 6.17116009e-07 0.00000000e+00
sigma+ 131 3 1 +1.0 +2.5 1 328 4 1 +1.0 +3.5 2 6.15270741e-07 -2.38724357e-20
sigma+ 269 3 -1 +1.0 +2.5 1 400 4 -1 +1.0 +3.5 2 1.09906635e-24 6.15270717e-07
sigma+ 171 3 1 +0.0 +1.5 4 155 3 1 +0.0 +2.5 2 -6.14272202e-07 0.00000000e+00
sigma+ 77 2 -1 +2.0 +1.5 1 219 3 -1 +2.0 +2.5 1 -1.91305460e-24 6.10060312e-07
sigma+ 19 2 1 +2.0 +1.5 1 87 3 1 +2.0 +2.5 1 6.10060307e-07 1.91305458e-24
sigma+ 376 4 -1 +2.0 +0.5 1 227 3 -1 +2.0 +1.5 2 -5.88521660e-24 6.08205090e-07
sigma+ 304 4 1 +2.0 +0.5 1 95 3 1 +2.0 +1.5 2 6.08205048e-07 -5.89920702e-25
sigma+ 346 4 -1 +3.0 -4.5 1 356 4 -1 +3.0 -3.5 2 -6.07343288e-07 0.00000000e+00
sigma+ 242 4 1 +3.0 -4.5 1 252 4 1 +3.0 -3.5 2 -6.07343252e-07 0.00000000e+00
sigma+ 66 3 1 +3.0 +2.5 3 49 3 1 +3.0 +3.5 1 -6.04603389e-07 0.00000000e+00
sigma+ 190 3 -1 +3.0 +2.5 3 173 3 -1 +3.0 +3.5 1 -6.04603371e-07 0.00000000e+00
sigma+ 192 3 -1 +3.0 +0.5 3 175 3 -1 +3.0 +1.5 1 -6.03771191e-07 0.00000000e+00
sigma+ 68 3 1 +3.0 +0.5 3 51 3 1 +3.0 +1.5 1 -6.03771178e-07 0.00000000e+00
sigma+ 324 4 1 +1.0 -1.5 1 142 3 1 +1.0 -0.5 2 -1.45627519e-24 -5.99777956e-07
sigma+ 396 4 -1 +1.0 -1.5 1 280 3 -1 +1.0 -0.5 2 5.80713611e-24 5.99774919e-07
sigma+ 387 4 -1 +2.0 -1.5 2 222 3 -1 +2.0 -0.5 1 -5.98672330e-07 1.37748394e-19
sigma+ 315 4 1 +2.0 -1.5 2 90 3 1 +2.0 -0.5 1 -5.98672278e-07 -6.88479740e-20
sigma+ 260 4 1 +3.0 -2.5 3 54 3 1 +3.0 -1.5 1 5.98108736e-07 0.00000000e+00
sigma+ 364 4 -1 +3.0 -2.5 3 178 3 -1 +3.0 -1.5 1 5.98108733e-07 0.00000000e+00
sigma+ 431 4 -1 +0.0 +2.5 3 110 2 -1 +0.0 +3.5 1 -5.96976516e-07 0.00000000e+00
sigma+ 195 3 -1 +3.0 -2.5 3 354 4 -1 +3.0 -1.5 2 -5.96287902e-07 0.00000000e+00
sigma+ 71 3 1 +3.0 -2.5 3 250 4 1 +3.0 -1.5 2 5.96287836e-07 0.00000000e+00
sigma+ 152 3 1 +0.0 -3.5 1 167 3 1 +0.0 -2.5 3 -5.94974071e-07 0.00000000e+00
sigma+ 113 2 -1 +0.0 +0.5 1 124 2 -1 +0.0 +1.5 3 -5.94519170e-07 0.00000000e+00
sigma+ 402 4 -1 +1.0 +1.5 2 269 3 -1 +1.0 +2.5 1 5.89777037e-07 9.15413147e-25
sigma+ 330 4 1 +1.0 +1.5 2 131 3 1 +1.0 +2.5 1 4.55891485e-24 -5.89777014e-07
sigma+ 79 2 -1 +2.0 -0.5 1 385 4 -1 +2.0 +0.5 2 -5.89730385e-07 2.44888896e-24
sigma+ 21 2 1 +2.0 -0.5 1 313 4 1 +2.0 +0.5 2 -5.89730374e-07 2.44888899e-24
sigma+ 257 4 1 +3.0 +0.5 3 247 4 1 +3.0 +1.5 2 5.89342328e-07 0.00000000e+00
sigma+ 361 4 -1 +3.0 +0.5 3 351 4 -1 +3.0 +1.5 2 5.89342327e-07 0.00000000e+00
sigma+ 398 4 -1 +1.0 -3.5 1 278 3 -1 +1.0 -2.5 2 -5.86137126e-07 4.13560222e-25
sigma+ 326 4 1 +1.0 -3.5 1 140 3 1 +1.0 -2.5 2 -5.86137092e-07 4.13560231e-25
sigma+ 384 4 -1 +2.0 +1.5 2 76 2 -1 +2.0 +2.5 1 5.76564487e-07 2.32727364e-24
sigma+ 312 4 1 +2.0 +1.5 2 18 2 1 +2.0 +2.5 1 -2.32727361e-24 5.76564482e-07
sigma+ 129 2 -1 +0.0 +0.5 4 432 4 -1 +0.0 +1.5 3 -5.73735176e-07 0.00000000e+00
sigma+ 433 4 -1 +0.0 +0.5 3 432 4 -1 +0.0 +1.5 3 -5.72791016e-07 0.00000000e+00
sigma+ 197 3 -1 +3.0 -0.5 4 185 3 -1 +3.0 +0.5 2 5.72656788e-07 0.00000000e+00
sigma+ 73 3 1 +3.0 -0.5 4 61 3 1 +3.0 +0.5 2 -5.72656759e-07 0.00000000e+00
sigma+ 349 4 -1 +3.0 +3.5 2 337 4 -1 +3.0 +4.5 1 5.70992688e-07 0.00000000e+00
sigma+ 245 4 1 +3.0 +3.5 2 233 4 1 +3.0 +4.5 1 -5.70992633e-07 0.00000000e+00
sigma+ 270 3 -1 +1.0 +1.5 1 401 4 -1 +1.0 +2.5 2 -4.40608647e-25 -5.69736389e-07
sigma+ 132 3 1 +1.0 +1.5 1 329 4 1 +1.0 +2.5 2 -2.49500772e-20 5.69736387e-07
sigma+ 343 4 -1 +3.0 -1.5 1 353 4 -1 +3.0 -0.5 2 5.66629989e-07 0.00000000e+00
sigma+ 239 4 1 +3.0 -1.5 1 249 4 1 +3.0 -0.5 2 5.66629975e-07 0.00000000e+00
sigma+ 52 3 1 +3.0 +0.5 1 256 4 1 +3.0 +1.5 3 5.65965824e-07 0.00000000e+00
sigma+ 176 3 -1 +3.0 +0.5 1 360 4 -1 +3.0 +1.5 3 5.65965798e-07 0.00000000e+00
sigma+ 315 4 1 +2.0 -1.5 2 21 2 1 +2.0 -0.5 1 -1.05218770e-24 5.65895957e-07
sigma+ 387 4 -1 +2.0 -1.5 2 79 2 -1 +2.0 -0.5 1 -4.87057331e-24 5.65895910e-07
sigma+ 388 4 -1 +2.0 -2.5 2 231 3 -1 +2.0 -1.5 2 -1.90066987e-17 5.65522939e-07
sigma+ 316 4 1 +2.0 -2.5 2 99 3 1 +2.0 -1.5 2 9.50319500e-18 5.65522934e-07
sigma+ 277 3 -1 +1.0 +1.5 2 392 4 -1 +1.0 +2.5 1 -5.02544671e-25 -5.63491212e-07
sigma+ 139 3 1 +1.0 +1.5 2 320 4 1 +1.0 +2.5 1 -5.35931490e-20 5.63491208e-07
sigma+ 432 4 -1 +0.0 +1.5 3 111 2 -1 +0.0 +2.5 1 -5.62836760e-07 0.00000000e+00
sigma+ 191 3 -1 +3.0 +1.5 3 359 4 -1 +3.0 +2.5 3 5.62078092e-07 0.00000000e+00
sigma+ 67 3 1 +3.0 +1.5 3 255 4 1 +3.0 +2.5 3 -5.62078006e-07 0.00000000e+00
sigma+ 91 3 1 +2.0 -1.5 1 314 4 1 +2.0 -0.5 2 -5.61724201e-07 -1.11759383e-23
sigma+ 223 3 -1 +2.0 -1.5 1 386 4 -1 +2.0 -0.5 2 5.61724168e-07 1.13501230e-23
sigma+ 439 4 -1 +0.0 -1.5 4 121 2 -1 +0.0 -0.5 2 5.54063197e-07 0.00000000e+00
sigma+ 169 3 1 +0.0 -0.5 4 13 1 1 +0.0 +0.5 2 5.53611381e-07 0.00000000e+00
sigma+ 111 2 -1 +0.0 +2.5 1 430 4 -1 +0.0 +3.5 3 -5.53226046e-07 0.00000000e+00
sigma+ 352 4 -1 +3.0 +0.5 2 340 4 -1 +3.0 +1.5 1 -5.53223264e-07 0.00000000e+00
sigma+ 248 4 1 +3.0 +0.5 2 236 4 1 +3.0 +1.5 1 -5.53223250e-07 0.00000000e+00
sigma+ 120 2 -1 +0.0 +0.5 2 442 4 -1 +0.0 +1.5 4 -5.52576878e-07 0.00000000e+00
sigma+ 158 3 1 +0.0 -0.5 2 16 1 1 +0.0 +0.5 3 -5.51506916e-07 0.00000000e+00
sigma+ 362 4 -1 +3.0 -0.5 3 176 3 -1 +3.0 +0.5 1 5.48093171e-07 0.00000000e+00
sigma+ 258 4 1 +3.0 -0.5 3 52 3 1 +3.0 +0.5 1 -5.48093170e-07 0.00000000e+00
sigma+ 426 4 -1 +0.0 -1.5 2 434 4 -1 +0.0 -0.5 3 5.40721086e-07 0.00000000e+00
sigma+ 435 4 -1 +0.0 -1.5 3 440 4 -1 +0.0 -0.5 4 -5.38411967e-07 0.00000000e+00
sigma+ 22 2 1 +2.0 -1.5 1 25 2 1 +2.0 -0.5 2 -3.21958527e-24 -5.34511924e-07
sigma+ 80 2 -1 +2.0 -1.5 1 83 2 -1 +2.0 -0.5 2 3.21958528e-24 5.34511906e-07
sigma+ 163 3 1 +0.0 +1.5 3 146 3 1 +0.0 +2.5 1 -5.33105764e-07 0.00000000e+00
sigma+ 121 2 -1 +0.0 -0.5 2 120 2 -1 +0.0 +0.5 2 -5.29290799e-07 0.00000000e+00
sigma+ 99 3 1 +2.0 -1.5 2 305 4 1 +2.0 -0.5 1 -5.25224580e-07 8.65528800e-24
sigma+ 231 3 -1 +2.0 -1.5 2 377 4 -1 +2.0 -0.5 1 -5.25224548e-07 8.49960175e-24
sigma+ 168 3 1 +0.0 -1.5 4 9 1 1 +0.0 -0.5 1 5.22684348e-07 0.00000000e+00
sigma+ 112 2 -1 +0.0 +1.5 1 431 4 -1 +0.0 +2.5 3 -5.22593422e-07 0.00000000e+00
sigma+ 356 4 -1 +3.0 -3.5 2 364 4 -1 +3.0 -2.5 3 5.20141789e-07 0.00000000e+00
sigma+ 252 4 1 +3.0 -3.5 2 260 4 1 +3.0 -2.5 3 -5.20141753e-07 0.00000000e+00
sigma+ 177 3 -1 +3.0 -0.5 1 361 4 -1 +3.0 +0.5 3 -5.19894798e-07 0.00000000e+00
sigma+ 53 3 1 +3.0 -0.5 1 257 4 1 +3.0 +0.5 3 5.19894798e-07 0.00000000e+00
sigma+ 279 3 -1 +1.0 +0.5 2 393 4 -1 +1.0 +1.5 1 -6.61248010e-24 -5.19373548e-07
sigma+ 141 3 1 +1.0 +0.5 2 321 4 1 +1.0 +1.5 1 6.18780900e-24 5.19373540e-07
sigma+ 149 3 1 +0.0 -0.5 1 164 3 1 +0.0 +0.5 3 -5.16310359e-07 0.00000000e+00
sigma+ 40 2 1 +1.0 +0.5 2 139 3 1 +1.0 +1.5 2 -2.29981012e-19 5.13716569e-07
sigma+ 108 2 -1 +1.0 +0.5 2 277 3 -1 +1.0 +1.5 2 7.20486465e-41 -5.13716565e-07
sigma+ 122 2 -1 +0.0 -1.5 2 440 4 -1 +0.0 -0.5 4 5.12195601e-07 0.00000000e+00
sigma+ 359 4 -1 +3.0 +2.5 3 349 4 -1 +3.0 +3.5 2 -5.11263241e-07 0.00000000e+00
sigma+ 255 4 1 +3.0 +2.5 3 245 4 1 +3.0 +3.5 2 5.11263236e-07 0.00000000e+00
sigma+ 175 3 -1 +3.0 +1.5 1 359 4 -1 +3.0 +2.5 3 5.05620710e-07 0.00000000e+00
sigma+ 51 3 1 +3.0 +1.5 1 255 4 1 +3.0 +2.5 3 -5.05620699e-07 0.00000000e+00
sigma+ 276 3 -1 +1.0 +2.5 2 391 4 -1 +1.0 +3.5 1 9.85620685e-25 5.04841488e-07
sigma+ 138 3 1 +1.0 +2.5 2 319 4 1 +1.0 +3.5 1 5.04841479e-07 -6.12172558e-20
sigma+ 14 1 1 +0.0 -0.5 2 16 1 1 +0.0 +0.5 3 5.04447049e-07 0.00000000e+00
sigma+ 441 4 -1 +0.0 +0.5 4 432 4 -1 +0.0 +1.5 3 -5.01881436e-07 0.00000000e+00
sigma+ 429 4 -1 +0.0 -4.5 2 417 4 -1 +0.0 -3.5 1 -4.99575837e-07 0.00000000e+00
sigma+ 271 3 -1 +1.0 +0.5 1 109 2 -1 +1.0 +1.5 2 4.96268262e-07 1.19098746e-23
sigma+ 133 3 1 +1.0 +0.5 1 41 2 1 +1.0 +1.5 2 -4.96268244e-07 -6.23947438e-21
sigma+ 114 2 -1 +0.0 -0.5 1 113 2 -1 +0.0 +0.5 1 4.91794663e-07 0.00000000e+00
sigma+ 415 4 -1 +0.0 -1.5 1 425 4 -1 +0.0 -0.5 2 -4.86295319e-07 0.00000000e+00
sigma+ 323 4 1 +1.0 -0.5 1 141 3 1 +1.0 +0.5 2 3.52842185e-24 4.85588278e-07
sigma+ 395 4 -1 +1.0 -0.5 1 279 3 -1 +1.0 +0.5 2 4.41284325e-20 4.85588245e-07
sigma+ 135 3 1 +1.0 -1.5 1 142 3 1 +1.0 -0.5 2 1.95864578e-19 4.84638517e-07
sigma+ 273 3 -1 +1.0 -1.5 1 280 3 -1 +1.0 -0.5 2 4.84636031e-07 3.69286013e-24
sigma+ 162 3 1 +0.0 +2.5 3 145 3 1 +0.0 +3.5 1 4.83244816e-07 0.00000000e+00
sigma+ 164 3 1 +0.0 +0.5 3 147 3 1 +0.0 +1.5 1 -4.82432636e-07 0.00000000e+00
sigma+ 328 4 1 +1.0 +3.5 2 318 4 1 +1.0 +4.5 1 4.81435295e-07 -5.72028944e-22
sigma+ 400 4 -1 +1.0 +3.5 2 390 4 -1 +1.0 +4.5 1 4.81435295e-07 8.14604658e-25
sigma+ 139 3 1 +1.0 +1.5 2 329 4 1 +1.0 +2.5 2 -9.02252122e-19 -4.81097677e-07
sigma+ 277 3 -1 +1.0 +1.5 2 401 4 -1 +1.0 +2.5 2 -2.35995895e-25 4.81097673e-07
sigma+ 405 4 -1 +1.0 -1.5 2 395 4 -1 +1.0 -0.5 1 5.62987159e-20 4.80974970e-07
sigma+ 333 4 1 +1.0 -1.5 2 323 4 1 +1.0 -0.5 1 4.80974949e-07 -1.44945922e-24
sigma+ 193 3 -1 +3.0 -0.5 3 176 3 -1 +3.0 +0.5 1 -4.76550819e-07 0.00000000e+00
sigma+ 69 3 1 +3.0 -0.5 3 52 3 1 +3.0 +0.5 1 4.76550741e-07 0.00000000e+00
sigma+ 60 3 1 +3.0 +1.5 2 267 4 1 +3.0 +2.5 4 4.73231036e-07 0.00000000e+00
sigma+ 184 3 -1 +3.0 +1.5 2 371 4 -1 +3.0 +2.5 4 4.73230981e-07 0.00000000e+00
sigma+ 184 3 -1 +3.0 +1.5 2 174 3 -1 +3.0 +2.5 1 4.71337823e-07 0.00000000e+00
sigma+ 60 3 1 +3.0 +1.5 2 50 3 1 +3.0 +2.5 1 -4.71337793e-07 0.00000000e+00
sigma+ 357 4 -1 +3.0 -4.5 2 345 4 -1 +3.0 -3.5 1 4.70424708e-07 0.00000000e+00
sigma+ 253 4 1 +3.0 -4.5 2 241 4 1 +3.0 -3.5 1 -4.70424656e-07 0.00000000e+00
sigma+ 338 4 -1 +3.0 +3.5 1 348 4 -1 +3.0 +4.5 2 -4.67110715e-07 0.00000000e+00
sigma+ 234 4 1 +3.0 +3.5 1 244 4 1 +3.0 +4.5 2 -4.67110648e-07 0.00000000e+00
sigma+ 421 4 -1 +0.0 +3.5 2 409 4 -1 +0.0 +4.5 1 4.60950727e-07 0.00000000e+00
sigma+ 368 4 -1 +3.0 -0.5 4 369 4 -1 +3.0 +0.5 4 -4.59762263e-07 0.00000000e+00
sigma+ 264 4 1 +3.0 -0.5 4 265 4 1 +3.0 +0.5 4 4.59762236e-07 0.00000000e+00
sigma+ 410 4 -1 +0.0 +3.5 1 420 4 -1 +0.0 +4.5 2 -4.57769043e-07 0.00000000e+00
sigma+ 14 1 1 +0.0 -0.5 2 170 3 1 +0.0 +0.5 4 4.57681280e-07 0.00000000e+00
sigma+ 169 3 1 +0.0 -0.5 4 157 3 1 +0.0 +0.5 2 -4.56978599e-07 0.00000000e+00
sigma+ 52 3 1 +3.0 +0.5 1 67 3 1 +3.0 +1.5 3 -4.54311375e-07 0.00000000e+00
sigma+ 176 3 -1 +3.0 +0.5 1 191 3 -1 +3.0 +1.5 3 4.54311364e-07 0.00000000e+00
sigma+ 334 4 1 +1.0 -2.5 2 324 4 1 +1.0 -1.5 1 4.53605364e-07 -1.24743197e-24
sigma+ 406 4 -1 +1.0 -2.5 2 396 4 -1 +1.0 -1.5 1 -3.03981300e-24 4.53605356e-07
sigma+ 273 3 -1 +1.0 -1.5 1 46 1 -1 +1.0 -0.5 2 4.47741191e-07 -3.54482892e-24
sigma+ 135 3 1 +1.0 -1.5 1 4 1 1 +1.0 -0.5 2 -1.37036602e-23 -4.47741131e-07
sigma+ 69 3 1 +3.0 -0.5 3 265 4 1 +3.0 +0.5 4 -4.42672295e-07 0.00000000e+00
sigma+ 193 3 -1 +3.0 -0.5 3 369 4 -1 +3.0 +0.5 4 4.42672290e-07 0.00000000e+00
sigma+ 16 1 1 +0.0 +0.5 3 12 1 1 +0.0 +1.5 2 -4.42671563e-07 0.00000000e+00
sigma+ 141 3 1 +1.0 +0.5 2 132 3 1 +1.0 +1.5 1 4.39543962e-07 1.15278551e-23
sigma+ 279 3 -1 +1.0 +0.5 2 270 3 -1 +1.0 +1.5 1 2.30848966e-20 4.39543945e-07
sigma+ 26 2 1 +2.0 +0.5 2 19 2 1 +2.0 +1.5 1 -4.39319199e-07 4.45278789e-24
sigma+ 84 2 -1 +2.0 +0.5 2 77 2 -1 +2.0 +1.5 1 -4.39319195e-07 4.45278788e-24
sigma+ 63 3 1 +3.0 -1.5 2 264 4 1 +3.0 -0.5 4 -4.39240886e-07 0.00000000e+00
sigma+ 187 3 -1 +3.0 -1.5 2 368 4 -1 +3.0 -0.5 4 4.39240844e-07 0.00000000e+00
sigma+ 261 4 1 +3.0 -3.5 3 55 3 1 +3.0 -2.5 1 -4.37940819e-07 0.00000000e+00
sigma+ 365 4 -1 +3.0 -3.5 3 179 3 -1 +3.0 -2.5 1 4.37940805e-07 0.00000000e+00
sigma+ 185 3 -1 +3.0 +0.5 2 199 3 -1 +3.0 +1.5 4 -4.37382004e-07 0.00000000e+00
sigma+ 61 3 1 +3.0 +0.5 2 75 3 1 +3.0 +1.5 4 -4.37381956e-07 0.00000000e+00
sigma+ 235 4 1 +3.0 +2.5 1 58 3 1 +3.0 +3.5 2 4.35505389e-07 0.00000000e+00
sigma+ 339 4 -1 +3.0 +2.5 1 182 3 -1 +3.0 +3.5 2 4.35505342e-07 0.00000000e+00
sigma+ 380 4 -1 +2.0 -3.5 1 379 4 -1 +2.0 -2.5 1 -2.74772165e-24 4.32331756e-07
sigma+ 308 4 1 +2.0 -3.5 1 307 4 1 +2.0 -2.5 1 2.38994201e-24 -4.32331755e-07
sigma+ 7 1 1 +0.0 +1.5 1 155 3 1 +0.0 +2.5 2 -4.32089361e-07 0.00000000e+00
sigma+ 332 4 1 +1.0 -0.5 2 322 4 1 +1.0 +0.5 1 4.26311621e-07 4.77455033e-24
sigma+ 404 4 -1 +1.0 -0.5 2 394 4 -1 +1.0 +0.5 1 4.26311620e-07 6.00728125e-20
sigma+ 166 3 1 +0.0 -1.5 3 14 1 1 +0.0 -0.5 2 4.24432574e-07 0.00000000e+00
sigma+ 316 4 1 +2.0 -2.5 2 315 4 1 +2.0 -1.5 2 -2.56668232e-19 4.21382312e-07
sigma+ 388 4 -1 +2.0 -2.5 2 387 4 -1 +2.0 -1.5 2 9.27800991e-25 4.21382311e-07
sigma+ 142 3 1 +1.0 -0.5 2 322 4 1 +1.0 +0.5 1 8.33110896e-24 -4.20580052e-07
sigma+ 280 3 -1 +1.0 -0.5 2 394 4 -1 +1.0 +0.5 1 4.20577929e-07 -5.39406178e-24
sigma+ 389 4 -1 +2.0 -3.5 2 388 4 -1 +2.0 -2.5 2 -6.87721479e-25 4.14490811e-07
sigma+ 317 4 1 +2.0 -3.5 2 316 4 1 +2.0 -2.5 2 2.14888008e-24 -4.14490810e-07
sigma+ 322 4 1 +1.0 +0.5 1 330 4 1 +1.0 +1.5 2 4.12044569e-07 -4.80281955e-24
sigma+ 394 4 -1 +1.0 +0.5 1 402 4 -1 +1.0 +1.5 2 4.12044561e-07 8.61018302e-25
sigma+ 434 4 -1 +0.0 -0.5 3 129 2 -1 +0.0 +0.5 4 4.06539543e-07 0.00000000e+00
sigma+ 38 2 1 +1.0 -1.5 2 134 3 1 +1.0 -0.5 1 4.05538262e-07 -3.46565494e-22
sigma+ 106 2 -1 +1.0 -1.5 2 272 3 -1 +1.0 -0.5 1 -4.05538247e-07 -1.24043103e-23
sigma+ 122 2 -1 +0.0 -1.5 2 126 2 -1 +0.0 -0.5 3 4.03668471e-07 0.00000000e+00
sigma+ 307 4 1 +2.0 -2.5 1 306 4 1 +2.0 -1.5 1 6.71922969e-21 -4.02149148e-07
sigma+ 379 4 -1 +2.0 -2.5 1 378 4 -1 +2.0 -1.5 1 8.85453347e-25 4.02149148e-07
sigma+ 159 3 1 +0.0 -1.5 2 17 1 1 +0.0 -0.5 3 3.97650747e-07 0.00000000e+00
sigma+ 264 4 1 +3.0 -0.5 4 68 3 1 +3.0 +0.5 3 -3.93931875e-07 0.00000000e+00
sigma+ 368 4 -1 +3.0 -0.5 4 192 3 -1 +3.0 +0.5 3 -3.93931805e-07 0.00000000e+00
sigma+ 322 4 1 +1.0 +0.5 1 321 4 1 +1.0 +1.5 1 -3.93535582e-07 4.87548074e-24
sigma+ 394 4 -1 +1.0 +0.5 1 393 4 -1 +1.0 +1.5 1 -3.93535581e-07 -5.33938282e-25
sigma+ 426 4 -1 +0.0 -1.5 2 126 2 -1 +0.0 -0.5 3 3.91713025e-07 0.00000000e+00
sigma+ 21 2 1 +2.0 -0.5 1 20 2 1 +2.0 +0.5 1 -3.89929455e-07 -3.51172343e-25
sigma+ 25 2 1 +2.0 -0.5 2 26 2 1 +2.0 +0.5 2 3.89929455e-07 3.51172343e-25
sigma+ 79 2 -1 +2.0 -0.5 1 78 2 -1 +2.0 +0.5 1 -3.89929452e-07 -3.51172340e-25
sigma+ 83 2 -1 +2.0 -0.5 2 84 2 -1 +2.0 +0.5 2 3.89929452e-07 3.51172340e-25
sigma+ 414 4 -1 +0.0 -0.5 1 413 4 -1 +0.0 +0.5 1 -3.86393094e-07 0.00000000e+00
sigma+ 33 2 1 +1.0 +1.5 1 131 3 1 +1.0 +2.5 1 3.85406448e-07 1.71703907e-21
sigma+ 101 2 -1 +1.0 +1.5 1 269 3 -1 +1.0 +2.5 1 1.09297217e-20 -3.85406438e-07
sigma+ 62 3 1 +3.0 -0.5 2 61 3 1 +3.0 +0.5 2 3.85332670e-07 0.00000000e+00
sigma+ 186 3 -1 +3.0 -0.5 2 185 3 -1 +3.0 +0.5 2 -3.85332635e-07 0.00000000e+00
sigma+ 56 3 1 +3.0 -3.5 1 260 4 1 +3.0 -2.5 3 3.85099977e-07 0.00000000e+00
sigma+ 180 3 -1 +3.0 -3.5 1 364 4 -1 +3.0 -2.5 3 3.85099969e-07 0.00000000e+00
sigma+ 177 3 -1 +3.0 -0.5 1 176 3 -1 +3.0 +0.5 1 -3.84743554e-07 0.00000000e+00
sigma+ 53 3 1 +3.0 -0.5 1 52 3 1 +3.0 +0.5 1 -3.84743543e-07 0.00000000e+00
sigma+ 9 1 1 +0.0 -0.5 1 170 3 1 +0.0 +0.5 4 3.84520735e-07 0.00000000e+00
sigma+ 309 4 1 +2.0 -4.5 1 308 4 1 +2.0 -3.5 1 -3.83498507e-07 2.38155088e-24
sigma+ 381 4 -1 +2.0 -4.5 1 380 4 -1 +2.0 -3.5 1 4.32319584e-24 3.83498505e-07
sigma+ 74 3 1 +3.0 +0.5 4 67 3 1 +3.0 +1.5 3 -3.83306511e-07 0.00000000e+00
sigma+ 198 3 -1 +3.0 +0.5 4 191 3 -1 +3.0 +1.5 3 -3.83306444e-07 0.00000000e+00
sigma+ 369 4 -1 +3.0 +0.5 4 360 4 -1 +3.0 +1.5 3 3.81585555e-07 0.00000000e+00
sigma+ 265 4 1 +3.0 +0.5 4 256 4 1 +3.0 +1.5 3 3.81585546e-07 0.00000000e+00
sigma+ 165 3 1 +0.0 -0.5 3 148 3 1 +0.0 +0.5 1 -3.80623877e-07 0.00000000e+00
sigma+ 169 3 1 +0.0 -0.5 4 8 1 1 +0.0 +0.5 1 3.79906448e-07 0.00000000e+00
sigma+ 156 3 1 +0.0 +1.5 2 146 3 1 +0.0 +2.5 1 -3.77808535e-07 0.00000000e+00
sigma+ 423 4 -1 +0.0 +1.5 2 411 4 -1 +0.0 +2.5 1 -3.75999800e-07 0.00000000e+00
sigma+ 431 4 -1 +0.0 +2.5 3 421 4 -1 +0.0 +3.5 2 -3.75958624e-07 0.00000000e+00
sigma+ 321 4 1 +1.0 +1.5 1 329 4 1 +1.0 +2.5 2 3.74841796e-07 1.76116887e-24
sigma+ 393 4 -1 +1.0 +1.5 1 401 4 -1 +1.0 +2.5 2 6.81098390e-25 3.74841790e-07
sigma+ 67 3 1 +3.0 +1.5 3 59 3 1 +3.0 +2.5 2 -3.73992880e-07 0.00000000e+00
sigma+ 191 3 -1 +3.0 +1.5 3 183 3 -1 +3.0 +2.5 2 -3.73992864e-07 0.00000000e+00
sigma+ 323 4 1 +1.0 -0.5 1 331 4 1 +1.0 +0.5 2 3.71022778e-07 4.22992195e-24
sigma+ 395 4 -1 +1.0 -0.5 1 403 4 -1 +1.0 +0.5 2 3.71022777e-07 2.67054256e-20
sigma+ 125 2 -1 +0.0 +0.5 3 423 4 -1 +0.0 +1.5 2 -3.70289599e-07 0.00000000e+00
sigma+ 424 4 -1 +0.0 +0.5 2 423 4 -1 +0.0 +1.5 2 -3.69641074e-07 0.00000000e+00
sigma+ 257 4 1 +3.0 +0.5 3 51 3 1 +3.0 +1.5 1 -3.68461918e-07 0.00000000e+00
sigma+ 361 4 -1 +3.0 +0.5 3 175 3 -1 +3.0 +1.5 1 -3.68461852e-07 0.00000000e+00
sigma+ 435 4 -1 +0.0 -1.5 3 114 2 -1 +0.0 -0.5 1 -3.65615573e-07 0.00000000e+00
sigma+ 148 3 1 +0.0 +0.5 1 163 3 1 +0.0 +1.5 3 3.63600261e-07 0.00000000e+00
sigma+ 132 3 1 +1.0 +1.5 1 320 4 1 +1.0 +2.5 1 -1.05753912e-20 3.62694264e-07
sigma+ 270 3 -1 +1.0 +1.5 1 392 4 -1 +1.0 +2.5 1 -9.38260083e-25 -3.62694259e-07
sigma+ 127 2 -1 +0.0 -1.5 3 114 2 -1 +0.0 -0.5 1 -3.62376405e-07 0.00000000e+00
sigma+ 425 4 -1 +0.0 -0.5 2 424 4 -1 +0.0 +0.5 2 3.59127665e-07 0.00000000e+00
sigma+ 331 4 1 +1.0 +0.5 2 132 3 1 +1.0 +1.5 1 -5.67301521e-24 -3.58947879e-07
sigma+ 403 4 -1 +1.0 +0.5 2 270 3 -1 +1.0 +1.5 1 3.58947863e-07 -1.67497102e-20
sigma+ 69 3 1 +3.0 -0.5 3 68 3 1 +3.0 +0.5 3 -3.58164844e-07 0.00000000e+00
sigma+ 193 3 -1 +3.0 -0.5 3 192 3 -1 +3.0 +0.5 3 -3.58164838e-07 0.00000000e+00
sigma+ 54 3 1 +3.0 -1.5 1 258 4 1 +3.0 -0.5 3 3.54814682e-07 0.00000000e+00
sigma+ 178 3 -1 +3.0 -1.5 1 362 4 -1 +3.0 -0.5 3 3.54814673e-07 0.00000000e+00
sigma+ 379 4 -1 +2.0 -2.5 1 223 3 -1 +2.0 -1.5 1 -4.04583258e-20 -3.54406198e-07
sigma+ 307 4 1 +2.0 -2.5 1 91 3 1 +2.0 -1.5 1 2.02191004e-20 -3.54406193e-07
sigma+ 101 2 -1 +1.0 +1.5 1 401 4 -1 +1.0 +2.5 2 3.53243354e-07 2.03845490e-24
sigma+ 33 2 1 +1.0 +1.5 1 329 4 1 +1.0 +2.5 2 -4.59709758e-24 3.53243310e-07
sigma+ 133 3 1 +1.0 +0.5 1 330 4 1 +1.0 +1.5 2 -5.49094895e-24 -3.50094338e-07
sigma+ 271 3 -1 +1.0 +0.5 1 402 4 -1 +1.0 +1.5 2 -5.77720715e-24 -3.50094335e-07
sigma+ 65 3 1 +3.0 -3.5 2 240 4 1 +3.0 -2.5 1 3.49694910e-07 0.00000000e+00
sigma+ 189 3 -1 +3.0 -3.5 2 344 4 -1 +3.0 -2.5 1 -3.49694883e-07 0.00000000e+00
sigma+ 157 3 1 +0.0 +0.5 2 171 3 1 +0.0 +1.5 4 -3.49640210e-07 0.00000000e+00
sigma+ 174 3 -1 +3.0 +2.5 1 358 4 -1 +3.0 +3.5 3 3.47441272e-07 0.00000000e+00
sigma+ 50 3 1 +3.0 +2.5 1 254 4 1 +3.0 +3.5 3 3.47441262e-07 0.00000000e+00
sigma+ 433 4 -1 +0.0 +0.5 3 112 2 -1 +0.0 +1.5 1 3.44607616e-07 0.00000000e+00
sigma+ 46 1 -1 +1.0 -0.5 2 271 3 -1 +1.0 +0.5 1 -6.66616158e-24 -3.41857537e-07
sigma+ 4 1 1 +1.0 -0.5 2 133 3 1 +1.0 +0.5 1 3.41857498e-07 -9.29521898e-24
sigma+ 34 2 1 +1.0 +0.5 1 330 4 1 +1.0 +1.5 2 3.40341944e-07 6.94487560e-24
sigma+ 102 2 -1 +1.0 +0.5 1 402 4 -1 +1.0 +1.5 2 -4.40925634e-24 3.40341927e-07
sigma+ 322 4 1 +1.0 +0.5 1 139 3 1 +1.0 +1.5 2 -3.42350592e-24 3.40124251e-07
sigma+ 394 4 -1 +1.0 +0.5 1 277 3 -1 +1.0 +1.5 2 3.40124236e-07 6.55717774e-20
sigma+ 115 2 -1 +0.0 -1.5 1 434 4 -1 +0.0 -0.5 3 3.38944688e-07 0.00000000e+00
sigma+ 436 4 -1 +0.0 -2.5 3 122 2 -1 +0.0 -1.5 2 -3.38285903e-07 0.00000000e+00
sigma+ 387 4 -1 +2.0 -1.5 2 386 4 -1 +2.0 -0.5 2 3.37404262e-07 -9.05038183e-26
sigma+ 315 4 1 +2.0 -1.5 2 314 4 1 +2.0 -0.5 2 -3.37404261e-07 3.20328282e-19
sigma+ 427 4 -1 +0.0 -2.5 2 127 2 -1 +0.0 -1.5 3 -3.37352431e-07 0.00000000e+00
sigma+ 333 4 1 +1.0 -1.5 2 134 3 1 +1.0 -0.5 1 1.98637363e-25 3.34564776e-07
sigma+ 405 4 -1 +1.0 -1.5 2 272 3 -1 +1.0 -0.5 1 4.09110331e-24 3.34564762e-07
sigma+ 335 4 1 +1.0 -3.5 2 325 4 1 +1.0 -2.5 1 -2.15557606e-25 3.32014741e-07
sigma+ 407 4 -1 +1.0 -3.5 2 397 4 -1 +1.0 -2.5 1 -3.32014708e-07 2.61282202e-25
sigma+ 375 4 -1 +2.0 +1.5 1 226 3 -1 +2.0 +2.5 2 1.99379790e-21 -3.29749844e-07
sigma+ 303 4 1 +2.0 +1.5 1 94 3 1 +2.0 +2.5 2 -1.20639845e-24 -3.29749841e-07
sigma+ 378 4 -1 +2.0 -1.5 1 377 4 -1 +2.0 -0.5 1 3.27920885e-07 -2.81919905e-25
sigma+ 306 4 1 +2.0 -1.5 1 305 4 1 +2.0 -0.5 1 -3.27920884e-07 8.33063556e-21
sigma+ 427 4 -1 +0.0 -2.5 2 439 4 -1 +0.0 -1.5 4 3.25330387e-07 0.00000000e+00
sigma+ 251 4 1 +3.0 -2.5 2 263 4 1 +3.0 -1.5 4 -3.24230020e-07 0.00000000e+00
sigma+ 355 4 -1 +3.0 -2.5 2 367 4 -1 +3.0 -1.5 4 -3.24230006e-07 0.00000000e+00
sigma+ 413 4 -1 +0.0 +0.5 1 412 4 -1 +0.0 +1.5 1 -3.22405279e-07 0.00000000e+00
sigma+ 265 4 1 +3.0 +0.5 4 60 3 1 +3.0 +1.5 2 -3.22246817e-07 0.00000000e+00
sigma+ 369 4 -1 +3.0 +0.5 4 184 3 -1 +3.0 +1.5 2 3.22246741e-07 0.00000000e+00
sigma+ 70 3 1 +3.0 -1.5 3 53 3 1 +3.0 -0.5 1 3.21979182e-07 0.00000000e+00
sigma+ 194 3 -1 +3.0 -1.5 3 177 3 -1 +3.0 -0.5 1 3.21979161e-07 0.00000000e+00
sigma+ 13 1 1 +0.0 +0.5 2 163 3 1 +0.0 +1.5 3 -3.21151850e-07 0.00000000e+00
sigma+ 113 2 -1 +0.0 +0.5 1 432 4 -1 +0.0 +1.5 3 3.20969037e-07 0.00000000e+00
sigma+ 126 2 -1 +0.0 -0.5 3 424 4 -1 +0.0 +0.5 2 -3.19033887e-07 0.00000000e+00
sigma+ 334 4 1 +1.0 -2.5 2 143 3 1 +1.0 -1.5 2 -3.15947659e-07 1.40920740e-24
sigma+ 406 4 -1 +1.0 -2.5 2 281 3 -1 +1.0 -1.5 2 3.15946064e-07 -2.85376782e-22
sigma+ 115 2 -1 +0.0 -1.5 1 128 2 -1 +0.0 -0.5 4 -3.14107820e-07 0.00000000e+00
sigma+ 5 1 1 +1.0 +0.5 2 132 3 1 +1.0 +1.5 1 1.03498253e-23 -3.14096678e-07
sigma+ 47 1 -1 +1.0 +0.5 2 270 3 -1 +1.0 +1.5 1 -2.71424520e-24 3.14096666e-07
sigma+ 273 3 -1 +1.0 -1.5 1 404 4 -1 +1.0 -0.5 2 -3.13796777e-07 -1.19854992e-36
sigma+ 135 3 1 +1.0 -1.5 1 332 4 1 +1.0 -0.5 2 -3.13796735e-07 1.03888059e-23
sigma+ 158 3 1 +0.0 -0.5 2 157 3 1 +0.0 +0.5 2 -3.10328408e-07 0.00000000e+00
sigma+ 149 3 1 +0.0 -0.5 1 148 3 1 +0.0 +0.5 1 3.09874101e-07 0.00000000e+00
sigma+ 44 1 -1 +1.0 -0.5 1 108 2 -1 +1.0 +0.5 2 2.00864021e-24 3.08396628e-07
sigma+ 2 1 1 +1.0 -0.5 1 40 2 1 +1.0 +0.5 2 -3.54663862e-24 3.08396613e-07
sigma+ 125 2 -1 +0.0 +0.5 3 442 4 -1 +0.0 +1.5 4 -3.06545664e-07 0.00000000e+00
sigma+ 170 3 1 +0.0 +0.5 4 163 3 1 +0.0 +1.5 3 3.05243183e-07 0.00000000e+00
sigma+ 395 4 -1 +1.0 -0.5 1 394 4 -1 +1.0 +0.5 1 -3.05040499e-07 2.11494672e-20
sigma+ 323 4 1 +1.0 -0.5 1 322 4 1 +1.0 +0.5 1 3.05040491e-07 3.08173305e-24
sigma+ 425 4 -1 +0.0 -0.5 2 125 2 -1 +0.0 +0.5 3 3.02258526e-07 0.00000000e+00
sigma+ 17 1 1 +0.0 -0.5 3 157 3 1 +0.0 +0.5 2 -3.02031866e-07 0.00000000e+00
sigma+ 434 4 -1 +0.0 -0.5 3 433 4 -1 +0.0 +0.5 3 3.01949543e-07 0.00000000e+00
sigma+ 8 1 1 +0.0 +0.5 1 171 3 1 +0.0 +1.5 4 -3.01203136e-07 0.00000000e+00
sigma+ 124 2 -1 +0.0 +1.5 3 422 4 -1 +0.0 +2.5 2 3.00063326e-07 0.00000000e+00
sigma+ 163 3 1 +0.0 +1.5 3 155 3 1 +0.0 +2.5 2 2.98640446e-07 0.00000000e+00
sigma+ 403 4 -1 +1.0 +0.5 2 393 4 -1 +1.0 +1.5 1 -2.97276665e-07 -6.81971006e-25
sigma+ 331 4 1 +1.0 +0.5 2 321 4 1 +1.0 +1.5 1 2.97276658e-07 -3.40430248e-24
sigma+ 326 4 1 +1.0 -3.5 1 334 4 1 +1.0 -2.5 2 -3.25109591e-25 -2.94615429e-07
sigma+ 398 4 -1 +1.0 -3.5 1 406 4 -1 +1.0 -2.5 2 2.94615396e-07 -7.48236477e-25
sigma+ 426 4 -1 +0.0 -1.5 2 440 4 -1 +0.0 -0.5 4 2.94179501e-07 0.00000000e+00
sigma+ 252 4 1 +3.0 -3.5 2 262 4 1 +3.0 -2.5 4 -2.93767998e-07 0.00000000e+00
sigma+ 356 4 -1 +3.0 -3.5 2 366 4 -1 +3.0 -2.5 4 2.93767970e-07 0.00000000e+00
sigma+ 428 4 -1 +0.0 -3.5 2 438 4 -1 +0.0 -2.5 4 2.93500448e-07 0.00000000e+00
sigma+ 143 3 1 +1.0 -1.5 2 323 4 1 +1.0 -0.5 1 2.93391393e-07 5.64525338e-24
sigma+ 281 3 -1 +1.0 -1.5 2 395 4 -1 +1.0 -0.5 1 2.93389943e-07 -3.19808162e-33
sigma+ 117 2 -1 +0.0 -3.5 1 438 4 -1 +0.0 -2.5 4 2.93079303e-07 0.00000000e+00
sigma+ 354 4 -1 +3.0 -1.5 2 368 4 -1 +3.0 -0.5 4 2.92395005e-07 0.00000000e+00
sigma+ 250 4 1 +3.0 -1.5 2 264 4 1 +3.0 -0.5 4 -2.92394964e-07 0.00000000e+00
sigma+ 251 4 1 +3.0 -2.5 2 72 3 1 +3.0 -1.5 4 -2.89249368e-07 0.00000000e+00
sigma+ 355 4 -1 +3.0 -2.5 2 196 3 -1 +3.0 -1.5 4 2.89249366e-07 0.00000000e+00
sigma+ 266 4 1 +3.0 +1.5 4 255 4 1 +3.0 +2.5 3 -2.89236522e-07 0.00000000e+00
sigma+ 370 4 -1 +3.0 +1.5 4 359 4 -1 +3.0 +2.5 3 -2.89236487e-07 0.00000000e+00
sigma+ 427 4 -1 +0.0 -2.5 2 115 2 -1 +0.0 -1.5 1 2.89033774e-07 0.00000000e+00
sigma+ 165 3 1 +0.0 -0.5 3 164 3 1 +0.0 +0.5 3 -2.87805715e-07 0.00000000e+00
sigma+ 229 3 -1 +2.0 -2.5 2 378 4 -1 +2.0 -1.5 1 -2.81745905e-07 -2.05231403e-21
sigma+ 97 3 1 +2.0 -2.5 2 306 4 1 +2.0 -1.5 1 -2.81745903e-07 1.04633933e-21
sigma+ 344 4 -1 +3.0 -2.5 1 354 4 -1 +3.0 -1.5 2 -2.78691292e-07 0.00000000e+00
sigma+ 240 4 1 +3.0 -2.5 1 250 4 1 +3.0 -1.5 2 -2.78691254e-07 0.00000000e+00
sigma+ 72 3 1 +3.0 -1.5 4 62 3 1 +3.0 -0.5 2 -2.72954699e-07 0.00000000e+00
sigma+ 196 3 -1 +3.0 -1.5 4 186 3 -1 +3.0 -0.5 2 2.72954667e-07 0.00000000e+00
sigma+ 247 4 1 +3.0 +1.5 2 235 4 1 +3.0 +2.5 1 -2.72599863e-07 0.00000000e+00
sigma+ 351 4 -1 +3.0 +1.5 2 339 4 -1 +3.0 +2.5 1 -2.72599840e-07 0.00000000e+00
sigma+ 13 1 1 +0.0 +0.5 2 147 3 1 +0.0 +1.5 1 -2.71779811e-07 0.00000000e+00
sigma+ 198 3 -1 +3.0 +0.5 4 370 4 -1 +3.0 +1.5 4 2.69102624e-07 0.00000000e+00
sigma+ 74 3 1 +3.0 +0.5 4 266 4 1 +3.0 +1.5 4 -2.69102621e-07 0.00000000e+00
sigma+ 104 2 -1 +1.0 -1.5 1 107 2 -1 +1.0 -0.5 2 1.18040336e-24 2.67402550e-07
sigma+ 36 2 1 +1.0 -1.5 1 39 2 1 +1.0 -0.5 2 2.67402526e-07 1.37507266e-24
sigma+ 296 4 -1 +4.0 -0.5 2 295 4 -1 +4.0 +0.5 2 2.65480548e-07 -2.57144376e-24
sigma+ 214 4 1 +4.0 -0.5 2 213 4 1 +4.0 +0.5 2 -2.65480548e-07 0.00000000e+00
sigma+ 392 4 -1 +1.0 +2.5 1 400 4 -1 +1.0 +3.5 2 2.62234000e-07 -1.83151244e-24
sigma+ 320 4 1 +1.0 +2.5 1 328 4 1 +1.0 +3.5 2 -1.37364832e-21 -2.62233982e-07
sigma+ 150 3 1 +0.0 -1.5 1 14 1 1 +0.0 -0.5 2 2.61099314e-07 0.00000000e+00
sigma+ 171 3 1 +0.0 +1.5 4 6 1 1 +0.0 +2.5 1 2.60625020e-07 0.00000000e+00
sigma+ 166 3 1 +0.0 -1.5 3 149 3 1 +0.0 -0.5 1 -2.57002989e-07 0.00000000e+00
sigma+ 12 1 1 +0.0 +1.5 2 146 3 1 +0.0 +2.5 1 2.54686877e-07 0.00000000e+00
sigma+ 432 4 -1 +0.0 +1.5 3 422 4 -1 +0.0 +2.5 2 2.49037368e-07 0.00000000e+00
sigma+ 19 2 1 +2.0 +1.5 1 311 4 1 +2.0 +2.5 2 -6.06558620e-24 -2.49035910e-07
sigma+ 77 2 -1 +2.0 +1.5 1 383 4 -1 +2.0 +2.5 2 -3.38595566e-24 -2.49035905e-07
sigma+ 175 3 -1 +3.0 +1.5 1 190 3 -1 +3.0 +2.5 3 -2.46468787e-07 0.00000000e+00
sigma+ 51 3 1 +3.0 +1.5 1 66 3 1 +3.0 +2.5 3 2.46468776e-07 0.00000000e+00
sigma+ 416 4 -1 +0.0 -2.5 1 435 4 -1 +0.0 -1.5 3 2.45508300e-07 0.00000000e+00
sigma+ 324 4 1 +1.0 -1.5 1 332 4 1 +1.0 -0.5 2 2.45443830e-07 3.07492889e-25
sigma+ 396 4 -1 +1.0 -1.5 1 404 4 -1 +1.0 -0.5 2 -4.43205451e-20 -2.45443809e-07
sigma+ 134 3 1 +1.0 -0.5 1 5 1 1 +1.0 +0.5 2 -6.86913426e-24 -2.44721126e-07
sigma+ 272 3 -1 +1.0 -0.5 1 47 1 -1 +1.0 +0.5 2 8.35930340e-24 -2.44721123e-07
sigma+ 417 4 -1 +0.0 -3.5 1 436 4 -1 +0.0 -2.5 3 2.44134725e-07 0.00000000e+00
sigma+ 240 4 1 +3.0 -2.5 1 259 4 1 +3.0 -1.5 3 2.43006103e-07 0.00000000e+00
sigma+ 344 4 -1 +3.0 -2.5 1 363 4 -1 +3.0 -1.5 3 -2.43006089e-07 0.00000000e+00
sigma+ 345 4 -1 +3.0 -3.5 1 364 4 -1 +3.0 -2.5 3 -2.41851675e-07 0.00000000e+00
sigma+ 241 4 1 +3.0 -3.5 1 260 4 1 +3.0 -2.5 3 2.41851663e-07 0.00000000e+00
sigma+ 20 2 1 +2.0 +0.5 1 312 4 1 +2.0 +1.5 2 -1.06805587e-24 2.41814111e-07
sigma+ 78 2 -1 +2.0 +0.5 1 384 4 -1 +2.0 +1.5 2 -2.41814093e-07 -4.38242484e-25
sigma+ 207 4 1 +4.0 -2.5 1 215 4 1 +4.0 -1.5 2 2.38532366e-24 2.41411649e-07
sigma+ 289 4 -1 +4.0 -2.5 1 297 4 -1 +4.0 -1.5 2 -2.41411622e-07 4.07730202e-24
sigma+ 255 4 1 +3.0 +2.5 3 49 3 1 +3.0 +3.5 1 2.39614605e-07 0.00000000e+00
sigma+ 359 4 -1 +3.0 +2.5 3 173 3 -1 +3.0 +3.5 1 2.39614532e-07 0.00000000e+00
sigma+ 417 4 -1 +0.0 -3.5 1 427 4 -1 +0.0 -2.5 2 -2.38435855e-07 0.00000000e+00
sigma+ 442 4 -1 +0.0 +1.5 4 422 4 -1 +0.0 +2.5 2 -2.37691967e-07 0.00000000e+00
sigma+ 250 4 1 +3.0 -1.5 2 73 3 1 +3.0 -0.5 4 -2.37651091e-07 0.00000000e+00
sigma+ 354 4 -1 +3.0 -1.5 2 197 3 -1 +3.0 -0.5 4 -2.37651065e-07 0.00000000e+00
sigma+ 370 4 -1 +3.0 +1.5 4 350 4 -1 +3.0 +2.5 2 2.36513853e-07 0.00000000e+00
sigma+ 266 4 1 +3.0 +1.5 4 246 4 1 +3.0 +2.5 2 -2.36513846e-07 0.00000000e+00
sigma+ 149 3 1 +0.0 -0.5 1 13 1 1 +0.0 +0.5 2 -2.35928658e-07 0.00000000e+00
sigma+ 425 4 -1 +0.0 -0.5 2 441 4 -1 +0.0 +0.5 4 2.32848529e-07 0.00000000e+00
sigma+ 436 4 -1 +0.0 -2.5 3 439 4 -1 +0.0 -1.5 4 -2.31575197e-07 0.00000000e+00
sigma+ 249 4 1 +3.0 -0.5 2 265 4 1 +3.0 +0.5 4 -2.31012749e-07 0.00000000e+00
sigma+ 353 4 -1 +3.0 -0.5 2 369 4 -1 +3.0 +0.5 4 2.31012731e-07 0.00000000e+00
sigma+ 397 4 -1 +1.0 -2.5 1 106 2 -1 +1.0 -1.5 2 2.28799694e-07 1.23059634e-23
sigma+ 325 4 1 +1.0 -2.5 1 38 2 1 +1.0 -1.5 2 -1.19773609e-23 2.28799636e-07
sigma+ 305 4 1 +2.0 -0.5 1 304 4 1 +2.0 +0.5 1 -9.87711565e-25 2.28457389e-07
sigma+ 377 4 -1 +2.0 -0.5 1 376 4 -1 +2.0 +0.5 1 9.87711561e-25 -2.28457388e-07
sigma+ 415 4 -1 +0.0 -1.5 1 434 4 -1 +0.0 -0.5 3 2.24624572e-07 0.00000000e+00
sigma+ 343 4 -1 +3.0 -1.5 1 362 4 -1 +3.0 -0.5 3 2.22171287e-07 0.00000000e+00
sigma+ 239 4 1 +3.0 -1.5 1 258 4 1 +3.0 -0.5 3 2.22171266e-07 0.00000000e+00
sigma+ 50 3 1 +3.0 +2.5 1 234 4 1 +3.0 +3.5 1 2.21835672e-07 0.00000000e+00
sigma+ 174 3 -1 +3.0 +2.5 1 338 4 -1 +3.0 +3.5 1 2.21835668e-07 0.00000000e+00
sigma+ 108 2 -1 +1.0 +0.5 2 101 2 -1 +1.0 +1.5 1 2.19579882e-07 2.81618624e-24
sigma+ 40 2 1 +1.0 +0.5 2 33 2 1 +1.0 +1.5 1 1.42993365e-24 -2.19579879e-07
sigma+ 441 4 -1 +0.0 +0.5 4 423 4 -1 +0.0 +1.5 2 -2.18929082e-07 0.00000000e+00
sigma+ 265 4 1 +3.0 +0.5 4 247 4 1 +3.0 +1.5 2 -2.18418371e-07 0.00000000e+00
sigma+ 369 4 -1 +3.0 +0.5 4 351 4 -1 +3.0 +1.5 2 2.18418347e-07 0.00000000e+00
sigma+ 396 4 -1 +1.0 -1.5 1 107 2 -1 +1.0 -0.5 2 2.17971036e-07 1.43662559e-23
sigma+ 324 4 1 +1.0 -1.5 1 39 2 1 +1.0 -0.5 2 5.73904742e-24 2.17971031e-07
sigma+ 168 3 1 +0.0 -1.5 4 158 3 1 +0.0 -0.5 2 -2.16936495e-07 0.00000000e+00
sigma+ 386 4 -1 +2.0 -0.5 2 385 4 -1 +2.0 +0.5 2 9.16893325e-25 -2.12077152e-07
sigma+ 314 4 1 +2.0 -0.5 2 313 4 1 +2.0 +0.5 2 -9.16893324e-25 2.12077151e-07
sigma+ 443 4 -1 +0.0 +2.5 4 421 4 -1 +0.0 +3.5 2 -2.11390149e-07 0.00000000e+00
sigma+ 267 4 1 +3.0 +2.5 4 245 4 1 +3.0 +3.5 2 -2.09948688e-07 0.00000000e+00
sigma+ 371 4 -1 +3.0 +2.5 4 349 4 -1 +3.0 +3.5 2 -2.09948654e-07 0.00000000e+00
sigma+ 418 4 -1 +0.0 -4.5 1 437 4 -1 +0.0 -3.5 3 2.04581625e-07 0.00000000e+00
sigma+ 151 3 1 +0.0 -2.5 1 15 1 1 +0.0 -1.5 2 -2.03039462e-07 0.00000000e+00
sigma+ 242 4 1 +3.0 -4.5 1 261 4 1 +3.0 -3.5 3 -2.02858933e-07 0.00000000e+00
sigma+ 346 4 -1 +3.0 -4.5 1 365 4 -1 +3.0 -3.5 3 2.02858891e-07 0.00000000e+00
sigma+ 136 3 1 +1.0 -2.5 1 143 3 1 +1.0 -1.5 2 6.48995243e-24 -2.01953911e-07
sigma+ 274 3 -1 +1.0 -2.5 1 281 3 -1 +1.0 -1.5 2 -2.01952879e-07 -4.57966898e-25
sigma+ 431 4 -1 +0.0 +2.5 3 410 4 -1 +0.0 +3.5 1 2.00628143e-07 0.00000000e+00
sigma+ 14 1 1 +0.0 -0.5 2 148 3 1 +0.0 +0.5 1 -2.00332245e-07 0.00000000e+00
sigma+ 432 4 -1 +0.0 +1.5 3 411 4 -1 +0.0 +2.5 1 -1.98877416e-07 0.00000000e+00
sigma+ 359 4 -1 +3.0 +2.5 3 338 4 -1 +3.0 +3.5 1 -1.98603910e-07 0.00000000e+00
sigma+ 255 4 1 +3.0 +2.5 3 234 4 1 +3.0 +3.5 1 -1.98603865e-07 0.00000000e+00
sigma+ 332 4 1 +1.0 -0.5 2 331 4 1 +1.0 +0.5 2 1.98427842e-07 1.87773301e-24
sigma+ 404 4 -1 +1.0 -0.5 2 403 4 -1 +1.0 +0.5 2 -1.98427833e-07 7.69524537e-19
sigma+ 397 4 -1 +1.0 -2.5 1 273 3 -1 +1.0 -1.5 1 1.97931840e-07 1.21153563e-20
sigma+ 325 4 1 +1.0 -2.5 1 135 3 1 +1.0 -1.5 1 1.97931829e-07 3.03214580e-24
sigma+ 147 3 1 +0.0 +1.5 1 162 3 1 +0.0 +2.5 3 -1.97220068e-07 0.00000000e+00
sigma+ 256 4 1 +3.0 +1.5 3 235 4 1 +3.0 +2.5 1 1.97031121e-07 0.00000000e+00
sigma+ 360 4 -1 +3.0 +1.5 3 339 4 -1 +3.0 +2.5 1 -1.97031108e-07 0.00000000e+00
sigma+ 35 2 1 +1.0 -0.5 1 34 2 1 +1.0 +0.5 1 2.18750533e-24 -1.95801379e-07
sigma+ 39 2 1 +1.0 -0.5 2 40 2 1 +1.0 +0.5 2 2.92439160e-25 1.95801379e-07
sigma+ 107 2 -1 +1.0 -0.5 2 108 2 -1 +1.0 +0.5 2 -1.95801372e-07 1.47793119e-24
sigma+ 103 2 -1 +1.0 -0.5 1 102 2 -1 +1.0 +0.5 1 1.95801372e-07 2.19911872e-24
sigma+ 107 2 -1 +1.0 -0.5 2 43 1 -1 +1.0 +0.5 1 -1.93513714e-07 -9.90724303e-24
sigma+ 39 2 1 +1.0 -0.5 2 1 1 1 +1.0 +0.5 1 2.07243899e-24 -1.93513682e-07
sigma+ 122 2 -1 +0.0 -1.5 2 30 0 -1 +0.0 -0.5 1 -1.91352498e-07 0.00000000e+00
sigma+ 414 4 -1 +0.0 -0.5 1 433 4 -1 +0.0 +0.5 3 -1.89675455e-07 0.00000000e+00
sigma+ 108 2 -1 +1.0 +0.5 2 393 4 -1 +1.0 +1.5 1 -4.23260768e-24 1.89493984e-07
sigma+ 40 2 1 +1.0 +0.5 2 321 4 1 +1.0 +1.5 1 -1.89493966e-07 -8.06919515e-24
sigma+ 128 2 -1 +0.0 -0.5 4 113 2 -1 +0.0 +0.5 1 -1.88984321e-07 0.00000000e+00
sigma+ 112 2 -1 +0.0 +1.5 1 422 4 -1 +0.0 +2.5 2 1.88095678e-07 0.00000000e+00
sigma+ 342 4 -1 +3.0 -0.5 1 361 4 -1 +3.0 +0.5 3 1.87485229e-07 0.00000000e+00
sigma+ 238 4 1 +3.0 -0.5 1 257 4 1 +3.0 +0.5 3 -1.87485196e-07 0.00000000e+00
sigma+ 212 4 1 +4.0 +1.5 2 202 4 1 +4.0 +2.5 1 1.85273107e-07 -4.36576394e-24
sigma+ 294 4 -1 +4.0 +1.5 2 284 4 -1 +4.0 +2.5 1 -1.90787297e-24 1.85273086e-07
sigma+ 415 4 -1 +0.0 -1.5 1 121 2 -1 +0.0 -0.5 2 -1.84757195e-07 0.00000000e+00
sigma+ 393 4 -1 +1.0 +1.5 1 276 3 -1 +1.0 +2.5 2 -1.84416450e-07 1.63618372e-24
sigma+ 321 4 1 +1.0 +1.5 1 138 3 1 +1.0 +2.5 2 4.96903028e-25 1.84416425e-07
sigma+ 416 4 -1 +0.0 -2.5 1 122 2 -1 +0.0 -1.5 2 1.83070417e-07 0.00000000e+00
sigma+ 197 3 -1 +3.0 -0.5 4 352 4 -1 +3.0 +0.5 2 1.82840116e-07 0.00000000e+00
sigma+ 73 3 1 +3.0 -0.5 4 248 4 1 +3.0 +0.5 2 1.82840036e-07 0.00000000e+00
sigma+ 127 2 -1 +0.0 -1.5 3 425 4 -1 +0.0 -0.5 2 -1.79818322e-07 0.00000000e+00
sigma+ 433 4 -1 +0.0 +0.5 3 412 4 -1 +0.0 +1.5 1 -1.79224150e-07 0.00000000e+00
sigma+ 39 2 1 +1.0 -0.5 2 322 4 1 +1.0 +0.5 1 -2.38671442e-24 1.79198587e-07
sigma+ 107 2 -1 +1.0 -0.5 2 394 4 -1 +1.0 +0.5 1 6.10747304e-24 1.79198519e-07
sigma+ 120 2 -1 +0.0 +0.5 2 412 4 -1 +0.0 +1.5 1 -1.79157788e-07 0.00000000e+00
sigma+ 119 2 -1 +0.0 +1.5 2 411 4 -1 +0.0 +2.5 1 -1.78137194e-07 0.00000000e+00
sigma+ 361 4 -1 +3.0 +0.5 3 340 4 -1 +3.0 +1.5 1 1.77731798e-07 0.00000000e+00
sigma+ 257 4 1 +3.0 +0.5 3 236 4 1 +3.0 +1.5 1 -1.77731796e-07 0.00000000e+00
sigma+ 416 4 -1 +0.0 -2.5 1 426 4 -1 +0.0 -1.5 2 -1.76910383e-07 0.00000000e+00
sigma+ 198 3 -1 +3.0 +0.5 4 351 4 -1 +3.0 +1.5 2 1.75920546e-07 0.00000000e+00
sigma+ 74 3 1 +3.0 +0.5 4 247 4 1 +3.0 +1.5 2 1.75920509e-07 0.00000000e+00
sigma+ 264 4 1 +3.0 -0.5 4 248 4 1 +3.0 +0.5 2 1.74950275e-07 0.00000000e+00
sigma+ 368 4 -1 +3.0 -0.5 4 352 4 -1 +3.0 +0.5 2 -1.74950246e-07 0.00000000e+00
sigma+ 440 4 -1 +0.0 -0.5 4 424 4 -1 +0.0 +0.5 2 -1.74671182e-07 0.00000000e+00
sigma+ 440 4 -1 +0.0 -0.5 4 120 2 -1 +0.0 +0.5 2 -1.71388786e-07 0.00000000e+00
sigma+ 430 4 -1 +0.0 +3.5 3 409 4 -1 +0.0 +4.5 1 1.70457855e-07 0.00000000e+00
sigma+ 439 4 -1 +0.0 -1.5 4 114 2 -1 +0.0 -0.5 1 -1.69077682e-07 0.00000000e+00
sigma+ 254 4 1 +3.0 +3.5 3 233 4 1 +3.0 +4.5 1 1.68621760e-07 0.00000000e+00
sigma+ 358 4 -1 +3.0 +3.5 3 337 4 -1 +3.0 +4.5 1 1.68621735e-07 0.00000000e+00
sigma+ 195 3 -1 +3.0 -2.5 3 178 3 -1 +3.0 -1.5 1 -1.68548650e-07 0.00000000e+00
sigma+ 71 3 1 +3.0 -2.5 3 54 3 1 +3.0 -1.5 1 -1.68548628e-07 0.00000000e+00
sigma+ 277 3 -1 +1.0 +1.5 2 269 3 -1 +1.0 +2.5 1 1.67791042e-07 8.25326902e-20
sigma+ 139 3 1 +1.0 +1.5 2 131 3 1 +1.0 +2.5 1 -1.67791024e-07 -4.14545587e-24
sigma+ 355 4 -1 +3.0 -2.5 2 363 4 -1 +3.0 -1.5 3 -1.65806686e-07 0.00000000e+00
sigma+ 251 4 1 +3.0 -2.5 2 259 4 1 +3.0 -1.5 3 1.65806653e-07 0.00000000e+00
sigma+ 442 4 -1 +0.0 +1.5 4 431 4 -1 +0.0 +2.5 3 -1.63766023e-07 0.00000000e+00
sigma+ 401 4 -1 +1.0 +2.5 2 391 4 -1 +1.0 +3.5 1 -1.61144167e-07 -1.82197279e-24
sigma+ 329 4 1 +1.0 +2.5 2 319 4 1 +1.0 +3.5 1 -1.73342864e-20 1.61144150e-07
sigma+ 307 4 1 +2.0 -2.5 1 24 2 1 +2.0 -1.5 2 6.58538084e-25 -1.60324227e-07
sigma+ 379 4 -1 +2.0 -2.5 1 82 2 -1 +2.0 -1.5 2 8.93479627e-24 1.60324207e-07
sigma+ 188 3 -1 +3.0 -2.5 2 367 4 -1 +3.0 -1.5 4 -1.59931468e-07 0.00000000e+00
sigma+ 64 3 1 +3.0 -2.5 2 263 4 1 +3.0 -1.5 4 1.59931399e-07 0.00000000e+00
sigma+ 424 4 -1 +0.0 +0.5 2 124 2 -1 +0.0 +1.5 3 -1.59890963e-07 0.00000000e+00
sigma+ 424 4 -1 +0.0 +0.5 2 442 4 -1 +0.0 +1.5 4 1.59010314e-07 0.00000000e+00
sigma+ 248 4 1 +3.0 +0.5 2 266 4 1 +3.0 +1.5 4 -1.57549585e-07 0.00000000e+00
sigma+ 352 4 -1 +3.0 +0.5 2 370 4 -1 +3.0 +1.5 4 -1.57549580e-07 0.00000000e+00
sigma+ 140 3 1 +1.0 -2.5 2 324 4 1 +1.0 -1.5 1 1.19271493e-24 1.57331513e-07
sigma+ 278 3 -1 +1.0 -2.5 2 396 4 -1 +1.0 -1.5 1 2.70625816e-24 -1.57331510e-07
sigma+ 414 4 -1 +0.0 -0.5 1 120 2 -1 +0.0 +0.5 2 -1.56252117e-07 0.00000000e+00
sigma+ 381 4 -1 +2.0 -4.5 1 389 4 -1 +2.0 -3.5 2 -1.76112466e-24 -1.56224400e-07
sigma+ 309 4 1 +2.0 -4.5 1 317 4 1 +2.0 -3.5 2 1.56224395e-07 -9.70163742e-25
sigma+ 438 4 -1 +0.0 -2.5 4 115 2 -1 +0.0 -1.5 1 1.53918544e-07 0.00000000e+00
sigma+ 323 4 1 +1.0 -0.5 1 40 2 1 +1.0 +0.5 2 1.53233100e-07 5.54432140e-25
sigma+ 395 4 -1 +1.0 -0.5 1 108 2 -1 +1.0 +0.5 2 -5.97958364e-25 -1.53233071e-07
sigma+ 306 4 1 +2.0 -1.5 1 25 2 1 +2.0 -0.5 2 1.35258993e-24 1.52817557e-07
sigma+ 378 4 -1 +2.0 -1.5 1 83 2 -1 +2.0 -0.5 2 -4.32293472e-24 -1.52817510e-07
sigma+ 121 2 -1 +0.0 -0.5 2 413 4 -1 +0.0 +0.5 1 1.51128055e-07 0.00000000e+00
sigma+ 121 2 -1 +0.0 -0.5 2 441 4 -1 +0.0 +0.5 4 1.51080563e-07 0.00000000e+00
sigma+ 249 4 1 +3.0 -0.5 2 74 3 1 +3.0 +0.5 4 1.50455246e-07 0.00000000e+00
sigma+ 353 4 -1 +3.0 -0.5 2 198 3 -1 +3.0 +0.5 4 1.50455188e-07 0.00000000e+00
sigma+ 434 4 -1 +0.0 -0.5 3 413 4 -1 +0.0 +0.5 1 -1.48813025e-07 0.00000000e+00
sigma+ 258 4 1 +3.0 -0.5 3 237 4 1 +3.0 +0.5 1 -1.47743564e-07 0.00000000e+00
sigma+ 362 4 -1 +3.0 -0.5 3 341 4 -1 +3.0 +0.5 1 -1.47743555e-07 0.00000000e+00
sigma+ 109 2 -1 +1.0 +1.5 2 392 4 -1 +1.0 +2.5 1 -1.46820179e-07 3.62553121e-24
sigma+ 41 2 1 +1.0 +1.5 2 320 4 1 +1.0 +2.5 1 -2.56335425e-24 -1.46820137e-07
sigma+ 413 4 -1 +0.0 +0.5 1 432 4 -1 +0.0 +1.5 3 1.46389742e-07 0.00000000e+00
sigma+ 10 1 1 +0.0 -1.5 1 169 3 1 +0.0 -0.5 4 1.45693364e-07 0.00000000e+00
sigma+ 237 4 1 +3.0 +0.5 1 256 4 1 +3.0 +1.5 3 -1.44621216e-07 0.00000000e+00
sigma+ 341 4 -1 +3.0 +0.5 1 360 4 -1 +3.0 +1.5 3 1.44621203e-07 0.00000000e+00
sigma+ 148 3 1 +0.0 +0.5 1 12 1 1 +0.0 +1.5 2 -1.44400326e-07 0.00000000e+00
sigma+ 55 3 1 +3.0 -2.5 1 263 4 1 +3.0 -1.5 4 1.43855823e-07 0.00000000e+00
sigma+ 179 3 -1 +3.0 -2.5 1 367 4 -1 +3.0 -1.5 4 1.43855796e-07 0.00000000e+00
sigma+ 72 3 1 +3.0 -1.5 4 249 4 1 +3.0 -0.5 2 -1.43262056e-07 0.00000000e+00
sigma+ 196 3 -1 +3.0 -1.5 4 353 4 -1 +3.0 -0.5 2 -1.43262040e-07 0.00000000e+00
sigma+ 266 4 1 +3.0 +1.5 4 59 3 1 +3.0 +2.5 2 1.41603039e-07 0.00000000e+00
sigma+ 370 4 -1 +3.0 +1.5 4 183 3 -1 +3.0 +2.5 2 -1.41603008e-07 0.00000000e+00
sigma+ 134 3 1 +1.0 -0.5 1 133 3 1 +1.0 +0.5 1 -1.41562797e-07 1.10493085e-20
sigma+ 272 3 -1 +1.0 -0.5 1 271 3 -1 +1.0 +0.5 1 -1.08868954e-24 1.41562792e-07
sigma+ 142 3 1 +1.0 -0.5 2 141 3 1 +1.0 +0.5 2 1.41562468e-07 7.15397873e-15
sigma+ 280 3 -1 +1.0 -0.5 2 279 3 -1 +1.0 +0.5 2 1.08868147e-24 -1.41561743e-07
sigma+ 129 2 -1 +0.0 +0.5 4 112 2 -1 +0.0 +1.5 1 1.40967347e-07 0.00000000e+00
sigma+ 417 4 -1 +0.0 -3.5 1 123 2 -1 +0.0 -2.5 2 1.39196779e-07 0.00000000e+00
sigma+ 79 2 -1 +2.0 -0.5 1 228 3 -1 +2.0 +0.5 2 1.37454906e-07 9.23023499e-24
sigma+ 21 2 1 +2.0 -0.5 1 96 3 1 +2.0 +0.5 2 -9.33625209e-24 1.37454902e-07
sigma+ 118 2 -1 +0.0 +2.5 2 410 4 -1 +0.0 +3.5 1 -1.36336188e-07 0.00000000e+00
sigma+ 167 3 1 +0.0 -2.5 3 150 3 1 +0.0 -1.5 1 -1.34463840e-07 0.00000000e+00
sigma+ 114 2 -1 +0.0 -0.5 1 129 2 -1 +0.0 +0.5 4 -1.33567346e-07 0.00000000e+00
sigma+ 84 2 -1 +2.0 +0.5 2 375 4 -1 +2.0 +1.5 1 -1.32931873e-07 -5.09491736e-25
sigma+ 26 2 1 +2.0 +0.5 2 303 4 1 +2.0 +1.5 1 -1.11356562e-24 1.32931854e-07
sigma+ 114 2 -1 +0.0 -0.5 1 441 4 -1 +0.0 +0.5 4 1.32057007e-07 0.00000000e+00
sigma+ 440 4 -1 +0.0 -0.5 4 113 2 -1 +0.0 +0.5 1 1.31885048e-07 0.00000000e+00
sigma+ 178 3 -1 +3.0 -1.5 1 368 4 -1 +3.0 -0.5 4 -1.30376298e-07 0.00000000e+00
sigma+ 54 3 1 +3.0 -1.5 1 264 4 1 +3.0 -0.5 4 -1.30376233e-07 0.00000000e+00
sigma+ 373 4 -1 +2.0 +3.5 1 372 4 -1 +2.0 +4.5 1 -1.27761287e-07 -4.22442316e-25
sigma+ 301 4 1 +2.0 +3.5 1 300 4 1 +2.0 +4.5 1 -7.41568228e-25 1.27761287e-07
sigma+ 56 3 1 +3.0 -3.5 1 262 4 1 +3.0 -2.5 4 1.27524292e-07 0.00000000e+00
sigma+ 180 3 -1 +3.0 -3.5 1 366 4 -1 +3.0 -2.5 4 1.27524287e-07 0.00000000e+00
sigma+ 75 3 1 +3.0 +1.5 4 246 4 1 +3.0 +2.5 2 1.26642282e-07 0.00000000e+00
sigma+ 199 3 -1 +3.0 +1.5 4 350 4 -1 +3.0 +2.5 2 1.26642260e-07 0.00000000e+00
sigma+ 113 2 -1 +0.0 +0.5 1 442 4 -1 +0.0 +1.5 4 1.26513951e-07 0.00000000e+00
sigma+ 25 2 1 +2.0 -0.5 2 304 4 1 +2.0 +0.5 1 1.25666359e-07 -3.53723183e-24
sigma+ 83 2 -1 +2.0 -0.5 2 376 4 -1 +2.0 +0.5 1 -1.25666348e-07 3.53723186e-24
sigma+ 383 4 -1 +2.0 +2.5 2 382 4 -1 +2.0 +3.5 2 -1.24920882e-07 5.18522992e-21
sigma+ 311 4 1 +2.0 +2.5 2 310 4 1 +2.0 +3.5 2 -1.24920882e-07 9.16914594e-25
sigma+ 119 2 -1 +0.0 +1.5 2 111 2 -1 +0.0 +2.5 1 1.23121033e-07 0.00000000e+00
sigma+ 38 2 1 +1.0 -1.5 2 323 4 1 +1.0 -0.5 1 7.70017180e-24 1.22730513e-07
sigma+ 106 2 -1 +1.0 -1.5 2 395 4 -1 +1.0 -0.5 1 1.22730509e-07 1.06713661e-21
sigma+ 443 4 -1 +0.0 +2.5 4 110 2 -1 +0.0 +3.5 1 1.20987800e-07 0.00000000e+00
sigma+ 251 4 1 +3.0 -2.5 2 63 3 1 +3.0 -1.5 2 1.18953981e-07 0.00000000e+00
sigma+ 355 4 -1 +3.0 -2.5 2 187 3 -1 +3.0 -1.5 2 1.18953947e-07 0.00000000e+00
sigma+ 304 4 1 +2.0 +0.5 1 303 4 1 +2.0 +1.5 1 1.53086946e-22 1.17944862e-07
sigma+ 376 4 -1 +2.0 +0.5 1 375 4 -1 +2.0 +1.5 1 1.17944862e-07 -4.66890709e-25
sigma+ 256 4 1 +3.0 +1.5 3 246 4 1 +3.0 +2.5 2 1.17903040e-07 0.00000000e+00
sigma+ 360 4 -1 +3.0 +1.5 3 350 4 -1 +3.0 +2.5 2 -1.17902988e-07 0.00000000e+00
sigma+ 367 4 -1 +3.0 -1.5 4 353 4 -1 +3.0 -0.5 2 1.17846550e-07 0.00000000e+00
sigma+ 263 4 1 +3.0 -1.5 4 249 4 1 +3.0 -0.5 2 -1.17846500e-07 0.00000000e+00
sigma+ 439 4 -1 +0.0 -1.5 4 425 4 -1 +0.0 -0.5 2 1.16905884e-07 0.00000000e+00
sigma+ 345 4 -1 +3.0 -3.5 1 355 4 -1 +3.0 -2.5 2 1.12729273e-07 0.00000000e+00
sigma+ 241 4 1 +3.0 -3.5 1 251 4 1 +3.0 -2.5 2 1.12729251e-07 0.00000000e+00
sigma+ 435 4 -1 +0.0 -1.5 3 414 4 -1 +0.0 -0.5 1 1.12626288e-07 0.00000000e+00
sigma+ 259 4 1 +3.0 -1.5 3 238 4 1 +3.0 -0.5 1 1.11969984e-07 0.00000000e+00
sigma+ 363 4 -1 +3.0 -1.5 3 342 4 -1 +3.0 -0.5 1 -1.11969953e-07 0.00000000e+00
sigma+ 344 4 -1 +3.0 -2.5 1 194 3 -1 +3.0 -1.5 3 1.11401515e-07 0.00000000e+00
sigma+ 240 4 1 +3.0 -2.5 1 70 3 1 +3.0 -1.5 3 1.11401501e-07 0.00000000e+00
sigma+ 413 4 -1 +0.0 +0.5 1 119 2 -1 +0.0 +1.5 2 1.09710909e-07 0.00000000e+00
sigma+ 377 4 -1 +2.0 -0.5 1 84 2 -1 +2.0 +0.5 2 4.02697697e-24 -1.07467314e-07
sigma+ 305 4 1 +2.0 -0.5 1 26 2 1 +2.0 +0.5 2 4.02697689e-24 -1.07467288e-07
sigma+ 230 3 -1 +2.0 -0.5 2 78 2 -1 +2.0 +0.5 1 -8.97458505e-24 -1.06941654e-07
sigma+ 98 3 1 +2.0 -0.5 2 20 2 1 +2.0 +0.5 1 -8.64631874e-24 -1.06941611e-07
sigma+ 122 2 -1 +0.0 -1.5 2 414 4 -1 +0.0 -0.5 1 1.05772040e-07 0.00000000e+00
sigma+ 239 4 1 +3.0 -1.5 1 69 3 1 +3.0 -0.5 3 -1.04762399e-07 0.00000000e+00
sigma+ 343 4 -1 +3.0 -1.5 1 193 3 -1 +3.0 -0.5 3 -1.04762397e-07 0.00000000e+00
sigma+ 27 2 1 +2.0 +1.5 2 302 4 1 +2.0 +2.5 1 -7.12704843e-24 1.03019869e-07
sigma+ 85 2 -1 +2.0 +1.5 2 374 4 -1 +2.0 +2.5 1 -4.15301416e-24 1.03019866e-07
sigma+ 246 4 1 +3.0 +2.5 2 234 4 1 +3.0 +3.5 1 -1.02764220e-07 0.00000000e+00
sigma+ 350 4 -1 +3.0 +2.5 2 338 4 -1 +3.0 +3.5 1 1.02764171e-07 0.00000000e+00
sigma+ 55 3 1 +3.0 -2.5 1 63 3 1 +3.0 -1.5 2 1.02677505e-07 0.00000000e+00
sigma+ 179 3 -1 +3.0 -2.5 1 187 3 -1 +3.0 -1.5 2 1.02677488e-07 0.00000000e+00
sigma+ 53 3 1 +3.0 -0.5 1 265 4 1 +3.0 +0.5 4 1.02555532e-07 0.00000000e+00
sigma+ 177 3 -1 +3.0 -0.5 1 369 4 -1 +3.0 +0.5 4 1.02555519e-07 0.00000000e+00
sigma+ 256 4 1 +3.0 +1.5 3 50 3 1 +3.0 +2.5 1 1.02274284e-07 0.00000000e+00
sigma+ 360 4 -1 +3.0 +1.5 3 174 3 -1 +3.0 +2.5 1 1.02274272e-07 0.00000000e+00
sigma+ 15 1 1 +0.0 -1.5 2 149 3 1 +0.0 -0.5 1 -1.01903225e-07 0.00000000e+00
sigma+ 179 3 -1 +3.0 -2.5 1 196 3 -1 +3.0 -1.5 4 1.01365194e-07 0.00000000e+00
sigma+ 55 3 1 +3.0 -2.5 1 72 3 1 +3.0 -1.5 4 -1.01365192e-07 0.00000000e+00
sigma+ 402 4 -1 +1.0 +1.5 2 392 4 -1 +1.0 +2.5 1 1.81373931e-25 9.98189540e-08
sigma+ 330 4 1 +1.0 +1.5 2 320 4 1 +1.0 +2.5 1 9.98189432e-08 -8.61642674e-25
sigma+ 412 4 -1 +0.0 +1.5 1 431 4 -1 +0.0 +2.5 3 -9.94085478e-08 0.00000000e+00
sigma+ 340 4 -1 +3.0 +1.5 1 359 4 -1 +3.0 +2.5 3 9.81623206e-08 0.00000000e+00
sigma+ 236 4 1 +3.0 +1.5 1 255 4 1 +3.0 +2.5 3 9.81623027e-08 0.00000000e+00
sigma+ 258 4 1 +3.0 -0.5 3 257 4 1 +3.0 +0.5 3 -9.45517877e-08 0.00000000e+00
sigma+ 362 4 -1 +3.0 -0.5 3 361 4 -1 +3.0 +0.5 3 -9.45517652e-08 0.00000000e+00
sigma+ 370 4 -1 +3.0 +1.5 4 174 3 -1 +3.0 +2.5 1 -9.30934655e-08 0.00000000e+00
sigma+ 266 4 1 +3.0 +1.5 4 50 3 1 +3.0 +2.5 1 -9.30934443e-08 0.00000000e+00
sigma+ 192 3 -1 +3.0 +0.5 3 340 4 -1 +3.0 +1.5 1 9.19320309e-08 0.00000000e+00
sigma+ 68 3 1 +3.0 +0.5 3 236 4 1 +3.0 +1.5 1 -9.19319893e-08 0.00000000e+00
sigma+ 241 4 1 +3.0 -3.5 1 71 3 1 +3.0 -2.5 3 -9.08450623e-08 0.00000000e+00
sigma+ 345 4 -1 +3.0 -3.5 1 195 3 -1 +3.0 -2.5 3 9.08450419e-08 0.00000000e+00
sigma+ 315 4 1 +2.0 -1.5 2 305 4 1 +2.0 -0.5 1 8.98698757e-08 9.44455037e-21
sigma+ 387 4 -1 +2.0 -1.5 2 377 4 -1 +2.0 -0.5 1 8.98698670e-08 1.01203055e-24
sigma+ 35 2 1 +1.0 -0.5 1 141 3 1 +1.0 +0.5 2 -8.77822636e-08 -8.48324072e-24
sigma+ 103 2 -1 +1.0 -0.5 1 279 3 -1 +1.0 +0.5 2 -8.77822619e-08 -1.41830216e-23
sigma+ 112 2 -1 +0.0 +1.5 1 443 4 -1 +0.0 +2.5 4 -8.65867099e-08 0.00000000e+00
sigma+ 191 3 -1 +3.0 +1.5 3 339 4 -1 +3.0 +2.5 1 8.60249391e-08 0.00000000e+00
sigma+ 67 3 1 +3.0 +1.5 3 235 4 1 +3.0 +2.5 1 8.60249225e-08 0.00000000e+00
sigma+ 82 2 -1 +2.0 -1.5 2 377 4 -1 +2.0 -0.5 1 -8.60215760e-08 2.13180534e-25
sigma+ 24 2 1 +2.0 -1.5 2 305 4 1 +2.0 -0.5 1 8.60215713e-08 -2.13180534e-25
sigma+ 386 4 -1 +2.0 -0.5 2 376 4 -1 +2.0 +0.5 1 3.69757837e-25 -8.55248771e-08
sigma+ 314 4 1 +2.0 -0.5 2 304 4 1 +2.0 +0.5 1 3.69757823e-25 -8.55248739e-08
sigma+ 115 2 -1 +0.0 -1.5 1 440 4 -1 +0.0 -0.5 4 -8.53282012e-08 0.00000000e+00
sigma+ 265 4 1 +3.0 +0.5 4 51 3 1 +3.0 +1.5 1 8.49984641e-08 0.00000000e+00
sigma+ 369 4 -1 +3.0 +0.5 4 175 3 -1 +3.0 +1.5 1 -8.49984230e-08 0.00000000e+00
sigma+ 423 4 -1 +0.0 +1.5 2 443 4 -1 +0.0 +2.5 4 -8.39620753e-08 0.00000000e+00
sigma+ 351 4 -1 +3.0 +1.5 2 371 4 -1 +3.0 +2.5 4 -8.31090485e-08 0.00000000e+00
sigma+ 247 4 1 +3.0 +1.5 2 267 4 1 +3.0 +2.5 4 -8.31090435e-08 0.00000000e+00
sigma+ 69 3 1 +3.0 -0.5 3 237 4 1 +3.0 +0.5 1 8.27993297e-08 0.00000000e+00
sigma+ 193 3 -1 +3.0 -0.5 3 341 4 -1 +3.0 +0.5 1 8.27993089e-08 0.00000000e+00
sigma+ 267 4 1 +3.0 +2.5 4 49 3 1 +3.0 +3.5 1 -8.27415878e-08 0.00000000e+00
sigma+ 371 4 -1 +3.0 +2.5 4 173 3 -1 +3.0 +3.5 1 8.27415702e-08 0.00000000e+00
sigma+ 342 4 -1 +3.0 -0.5 1 192 3 -1 +3.0 +0.5 3 8.27415318e-08 0.00000000e+00
sigma+ 238 4 1 +3.0 -0.5 1 68 3 1 +3.0 +0.5 3 -8.27414686e-08 0.00000000e+00
sigma+ 54 3 1 +3.0 -1.5 1 73 3 1 +3.0 -0.5 4 8.23698175e-08 0.00000000e+00
sigma+ 178 3 -1 +3.0 -1.5 1 197 3 -1 +3.0 -0.5 4 -8.23698104e-08 0.00000000e+00
sigma+ 308 4 1 +2.0 -3.5 1 316 4 1 +2.0 -2.5 2 -5.40067678e-25 8.22713849e-08
sigma+ 380 4 -1 +2.0 -3.5 1 388 4 -1 +2.0 -2.5 2 1.68821362e-24 -8.22713799e-08
sigma+ 151 3 1 +0.0 -2.5 1 168 3 1 +0.0 -1.5 4 8.18345865e-08 0.00000000e+00
sigma+ 388 4 -1 +2.0 -2.5 2 378 4 -1 +2.0 -1.5 1 1.79092103e-25 8.13388268e-08
sigma+ 316 4 1 +2.0 -2.5 2 306 4 1 +2.0 -1.5 1 -1.03082181e-20 -8.13388203e-08
sigma+ 249 4 1 +3.0 -0.5 2 52 3 1 +3.0 +0.5 1 8.12985112e-08 0.00000000e+00
sigma+ 353 4 -1 +3.0 -0.5 2 176 3 -1 +3.0 +0.5 1 -8.12983771e-08 0.00000000e+00
sigma+ 151 3 1 +0.0 -2.5 1 159 3 1 +0.0 -1.5 2 8.08741496e-08 0.00000000e+00
sigma+ 302 4 1 +2.0 +2.5 1 301 4 1 +2.0 +3.5 1 -8.03925085e-08 1.39227804e-25
sigma+ 374 4 -1 +2.0 +2.5 1 373 4 -1 +2.0 +3.5 1 -8.03925083e-08 -2.60264735e-23
sigma+ 170 3 1 +0.0 +0.5 4 7 1 1 +0.0 +1.5 1 7.91464786e-08 0.00000000e+00
sigma+ 322 4 1 +1.0 +0.5 1 41 2 1 +1.0 +1.5 2 -5.32914108e-25 -7.75390714e-08
sigma+ 394 4 -1 +1.0 +0.5 1 109 2 -1 +1.0 +1.5 2 -3.44929399e-24 7.75390493e-08
sigma+ 287 4 -1 +4.0 -0.5 1 286 4 -1 +4.0 +0.5 1 -7.66804608e-08 -2.17843107e-24
sigma+ 205 4 1 +4.0 -0.5 1 204 4 1 +4.0 +0.5 1 -7.66804604e-08 0.00000000e+00
sigma+ 436 4 -1 +0.0 -2.5 3 415 4 -1 +0.0 -1.5 1 -7.47316455e-08 0.00000000e+00
sigma+ 385 4 -1 +2.0 +0.5 2 384 4 -1 +2.0 +1.5 2 7.47223230e-08 -2.34454606e-25
sigma+ 313 4 1 +2.0 +0.5 2 312 4 1 +2.0 +1.5 2 1.83729319e-20 -7.47223227e-08
sigma+ 260 4 1 +3.0 -2.5 3 239 4 1 +3.0 -1.5 1 -7.44162341e-08 0.00000000e+00
sigma+ 364 4 -1 +3.0 -2.5 3 343 4 -1 +3.0 -1.5 1 -7.44161983e-08 0.00000000e+00
sigma+ 260 4 1 +3.0 -2.5 3 263 4 1 +3.0 -1.5 4 -7.14052259e-08 0.00000000e+00
sigma+ 364 4 -1 +3.0 -2.5 3 367 4 -1 +3.0 -1.5 4 7.14051495e-08 0.00000000e+00
sigma+ 248 4 1 +3.0 +0.5 2 75 3 1 +3.0 +1.5 4 7.01554828e-08 0.00000000e+00
sigma+ 352 4 -1 +3.0 +0.5 2 199 3 -1 +3.0 +1.5 4 -7.01554565e-08 0.00000000e+00
sigma+ 177 3 -1 +3.0 -0.5 1 352 4 -1 +3.0 +0.5 2 6.95720959e-08 0.00000000e+00
sigma+ 53 3 1 +3.0 -0.5 1 248 4 1 +3.0 +0.5 2 6.95720842e-08 0.00000000e+00
sigma+ 313 4 1 +2.0 +0.5 2 303 4 1 +2.0 +1.5 1 3.93060297e-21 -6.95250758e-08
sigma+ 385 4 -1 +2.0 +0.5 2 375 4 -1 +2.0 +1.5 1 6.95250750e-08 -3.55536536e-25
sigma+ 52 3 1 +3.0 +0.5 1 266 4 1 +3.0 +1.5 4 6.92428967e-08 0.00000000e+00
sigma+ 176 3 -1 +3.0 +0.5 1 370 4 -1 +3.0 +1.5 4 6.92428888e-08 0.00000000e+00
sigma+ 142 3 1 +1.0 -0.5 2 34 2 1 +1.0 +0.5 1 2.03684489e-20 -6.83264350e-08
sigma+ 280 3 -1 +1.0 -0.5 2 102 2 -1 +1.0 +0.5 1 -8.08682649e-24 -6.83260844e-08
sigma+ 150 3 1 +0.0 -1.5 1 169 3 1 +0.0 -0.5 4 6.63387869e-08 0.00000000e+00
sigma+ 264 4 1 +3.0 -0.5 4 52 3 1 +3.0 +0.5 1 -6.61152397e-08 0.00000000e+00
sigma+ 368 4 -1 +3.0 -0.5 4 176 3 -1 +3.0 +0.5 1 6.61151654e-08 0.00000000e+00
sigma+ 426 4 -1 +0.0 -1.5 2 128 2 -1 +0.0 -0.5 4 6.56687843e-08 0.00000000e+00
sigma+ 90 3 1 +2.0 -0.5 1 313 4 1 +2.0 +0.5 2 -2.69685729e-20 -6.48094705e-08
sigma+ 222 3 -1 +2.0 -0.5 1 385 4 -1 +2.0 +0.5 2 -2.45837289e-24 -6.48094242e-08
sigma+ 441 4 -1 +0.0 +0.5 4 112 2 -1 +0.0 +1.5 1 6.32534807e-08 0.00000000e+00
sigma+ 66 3 1 +3.0 +2.5 3 234 4 1 +3.0 +3.5 1 -6.23000455e-08 0.00000000e+00
sigma+ 190 3 -1 +3.0 +2.5 3 338 4 -1 +3.0 +3.5 1 -6.23000400e-08 0.00000000e+00
sigma+ 194 3 -1 +3.0 -1.5 3 342 4 -1 +3.0 -0.5 1 6.20107689e-08 0.00000000e+00
sigma+ 70 3 1 +3.0 -1.5 3 238 4 1 +3.0 -0.5 1 6.20107448e-08 0.00000000e+00
sigma+ 262 4 1 +3.0 -2.5 4 250 4 1 +3.0 -1.5 2 5.80397409e-08 0.00000000e+00
sigma+ 366 4 -1 +3.0 -2.5 4 354 4 -1 +3.0 -1.5 2 -5.80396808e-08 0.00000000e+00
sigma+ 317 4 1 +2.0 -3.5 2 307 4 1 +2.0 -2.5 1 2.11528029e-25 -5.79562318e-08
sigma+ 389 4 -1 +2.0 -3.5 2 379 4 -1 +2.0 -2.5 1 1.11932943e-24 5.79562267e-08
sigma+ 412 4 -1 +0.0 +1.5 1 118 2 -1 +0.0 +2.5 2 5.72804560e-08 0.00000000e+00
sigma+ 179 3 -1 +3.0 -2.5 1 363 4 -1 +3.0 -1.5 3 5.72652181e-08 0.00000000e+00
sigma+ 55 3 1 +3.0 -2.5 1 259 4 1 +3.0 -1.5 3 -5.72651873e-08 0.00000000e+00
sigma+ 73 3 1 +3.0 -0.5 4 52 3 1 +3.0 +0.5 1 5.71989062e-08 0.00000000e+00
sigma+ 197 3 -1 +3.0 -0.5 4 176 3 -1 +3.0 +0.5 1 5.71989030e-08 0.00000000e+00
sigma+ 438 4 -1 +0.0 -2.5 4 426 4 -1 +0.0 -1.5 2 5.68839665e-08 0.00000000e+00
sigma+ 123 2 -1 +0.0 -2.5 2 415 4 -1 +0.0 -1.5 1 -5.48860829e-08 0.00000000e+00
sigma+ 198 3 -1 +3.0 +0.5 4 175 3 -1 +3.0 +1.5 1 5.46862379e-08 0.00000000e+00
sigma+ 74 3 1 +3.0 +0.5 4 51 3 1 +3.0 +1.5 1 5.46862246e-08 0.00000000e+00
sigma+ 386 4 -1 +2.0 -0.5 2 221 3 -1 +2.0 +0.5 1 -2.39033217e-24 5.45541135e-08
sigma+ 314 4 1 +2.0 -0.5 2 89 3 1 +2.0 +0.5 1 -5.45540864e-08 -2.76751004e-24
sigma+ 237 4 1 +3.0 +0.5 1 67 3 1 +3.0 +1.5 3 -5.45248803e-08 0.00000000e+00
sigma+ 341 4 -1 +3.0 +0.5 1 191 3 -1 +3.0 +1.5 3 -5.45248432e-08 0.00000000e+00
sigma+ 304 4 1 +2.0 +0.5 1 27 2 1 +2.0 +1.5 2 -5.43933514e-08 5.54679542e-26
sigma+ 376 4 -1 +2.0 +0.5 1 85 2 -1 +2.0 +1.5 2 5.43933503e-08 -5.54679501e-26
sigma+ 128 2 -1 +0.0 -0.5 4 424 4 -1 +0.0 +0.5 2 -5.42400809e-08 0.00000000e+00
sigma+ 411 4 -1 +0.0 +2.5 1 430 4 -1 +0.0 +3.5 3 5.27171091e-08 0.00000000e+00
sigma+ 339 4 -1 +3.0 +2.5 1 358 4 -1 +3.0 +3.5 3 5.20356773e-08 0.00000000e+00
sigma+ 235 4 1 +3.0 +2.5 1 254 4 1 +3.0 +3.5 3 -5.20356397e-08 0.00000000e+00
sigma+ 440 4 -1 +0.0 -0.5 4 441 4 -1 +0.0 +0.5 4 -5.19698737e-08 0.00000000e+00
sigma+ 53 3 1 +3.0 -0.5 1 74 3 1 +3.0 +0.5 4 5.13567888e-08 0.00000000e+00
sigma+ 177 3 -1 +3.0 -0.5 1 198 3 -1 +3.0 +0.5 4 -5.13567805e-08 0.00000000e+00
sigma+ 312 4 1 +2.0 +1.5 2 311 4 1 +2.0 +2.5 2 -4.88644011e-08 2.88120237e-20
sigma+ 384 4 -1 +2.0 +1.5 2 383 4 -1 +2.0 +2.5 2 -1.33816620e-20 4.88644009e-08
sigma+ 376 4 -1 +2.0 +0.5 1 384 4 -1 +2.0 +1.5 2 4.84073957e-08 -2.78664154e-25
sigma+ 304 4 1 +2.0 +0.5 1 312 4 1 +2.0 +1.5 2 -3.86975565e-21 4.84073947e-08
sigma+ 165 3 1 +0.0 -0.5 3 8 1 1 +0.0 +0.5 1 -4.78621264e-08 0.00000000e+00
sigma+ 375 4 -1 +2.0 +1.5 1 383 4 -1 +2.0 +2.5 2 -1.33883711e-21 -4.73702914e-08
sigma+ 303 4 1 +2.0 +1.5 1 311 4 1 +2.0 +2.5 2 4.73702911e-08 -3.64767847e-21
sigma+ 169 3 1 +0.0 -0.5 4 148 3 1 +0.0 +0.5 1 -4.60157478e-08 0.00000000e+00
sigma+ 196 3 -1 +3.0 -1.5 4 177 3 -1 +3.0 -0.5 1 4.47668339e-08 0.00000000e+00
sigma+ 72 3 1 +3.0 -1.5 4 53 3 1 +3.0 -0.5 1 -4.47668295e-08 0.00000000e+00
sigma+ 249 4 1 +3.0 -0.5 2 248 4 1 +3.0 +0.5 2 4.46545011e-08 0.00000000e+00
sigma+ 353 4 -1 +3.0 -0.5 2 352 4 -1 +3.0 +0.5 2 -4.46544703e-08 0.00000000e+00
sigma+ 170 3 1 +0.0 +0.5 4 147 3 1 +0.0 +1.5 1 -4.39357676e-08 0.00000000e+00
sigma+ 312 4 1 +2.0 +1.5 2 302 4 1 +2.0 +2.5 1 4.28129845e-08 -5.96810364e-21
sigma+ 384 4 -1 +2.0 +1.5 2 374 4 -1 +2.0 +2.5 1 -1.59490818e-22 -4.28129844e-08
sigma+ 116 2 -1 +0.0 -2.5 1 439 4 -1 +0.0 -1.5 4 -4.20459917e-08 0.00000000e+00
sigma+ 367 4 -1 +3.0 -1.5 4 177 3 -1 +3.0 -0.5 1 4.17034410e-08 0.00000000e+00
sigma+ 263 4 1 +3.0 -1.5 4 53 3 1 +3.0 -0.5 1 4.17034090e-08 0.00000000e+00
sigma+ 149 3 1 +0.0 -0.5 1 170 3 1 +0.0 +0.5 4 -4.12948619e-08 0.00000000e+00
sigma+ 310 4 1 +2.0 +3.5 2 300 4 1 +2.0 +4.5 1 -2.30765981e-25 3.97575809e-08
sigma+ 382 4 -1 +2.0 +3.5 2 372 4 -1 +2.0 +4.5 1 -3.97575805e-08 -1.31458321e-25
sigma+ 75 3 1 +3.0 +1.5 4 50 3 1 +3.0 +2.5 1 -3.89444848e-08 0.00000000e+00
sigma+ 199 3 -1 +3.0 +1.5 4 174 3 -1 +3.0 +2.5 1 3.89444680e-08 0.00000000e+00
sigma+ 342 4 -1 +3.0 -0.5 1 341 4 -1 +3.0 +0.5 1 -3.87481062e-08 0.00000000e+00
sigma+ 238 4 1 +3.0 -0.5 1 237 4 1 +3.0 +0.5 1 3.87480812e-08 0.00000000e+00
sigma+ 9 1 1 +0.0 -0.5 1 164 3 1 +0.0 +0.5 3 -3.86426029e-08 0.00000000e+00
sigma+ 437 4 -1 +0.0 -3.5 3 416 4 -1 +0.0 -2.5 1 3.85936256e-08 0.00000000e+00
sigma+ 365 4 -1 +3.0 -3.5 3 344 4 -1 +3.0 -2.5 1 3.85019414e-08 0.00000000e+00
sigma+ 261 4 1 +3.0 -3.5 3 240 4 1 +3.0 -2.5 1 -3.85019164e-08 0.00000000e+00
sigma+ 305 4 1 +2.0 -0.5 1 313 4 1 +2.0 +0.5 2 1.60591896e-25 -3.71448575e-08
sigma+ 377 4 -1 +2.0 -0.5 1 385 4 -1 +2.0 +0.5 2 1.60591882e-25 -3.71448543e-08
sigma+ 134 3 1 +1.0 -0.5 1 331 4 1 +1.0 +0.5 2 -4.64112911e-24 3.64194422e-08
sigma+ 272 3 -1 +1.0 -0.5 1 403 4 -1 +1.0 +0.5 2 -3.64194248e-08 6.68367162e-24
sigma+ 16 1 1 +0.0 +0.5 3 147 3 1 +0.0 +1.5 1 3.63912858e-08 0.00000000e+00
sigma+ 168 3 1 +0.0 -1.5 4 149 3 1 +0.0 -0.5 1 3.60860572e-08 0.00000000e+00
sigma+ 51 3 1 +3.0 +1.5 1 267 4 1 +3.0 +2.5 4 3.60308955e-08 0.00000000e+00
sigma+ 175 3 -1 +3.0 +1.5 1 371 4 -1 +3.0 +2.5 4 3.60308841e-08 0.00000000e+00
sigma+ 302 4 1 +2.0 +2.5 1 310 4 1 +2.0 +3.5 2 3.45570157e-08 -4.28633588e-25
sigma+ 374 4 -1 +2.0 +2.5 1 382 4 -1 +2.0 +3.5 2 3.45570156e-08 1.76116261e-21
sigma+ 71 3 1 +3.0 -2.5 3 239 4 1 +3.0 -1.5 1 3.44314627e-08 0.00000000e+00
sigma+ 195 3 -1 +3.0 -2.5 3 343 4 -1 +3.0 -1.5 1 3.44314491e-08 0.00000000e+00
sigma+ 129 2 -1 +0.0 +0.5 4 423 4 -1 +0.0 +1.5 2 3.25642765e-08 0.00000000e+00
sigma+ 171 3 1 +0.0 +1.5 4 146 3 1 +0.0 +2.5 1 3.12564836e-08 0.00000000e+00
sigma+ 149 3 1 +0.0 -0.5 1 16 1 1 +0.0 +0.5 3 3.11820734e-08 0.00000000e+00
sigma+ 332 4 1 +1.0 -0.5 2 133 3 1 +1.0 +0.5 1 -4.16104039e-24 3.06631851e-08
sigma+ 404 4 -1 +1.0 -0.5 2 271 3 -1 +1.0 +0.5 1 1.87001205e-20 3.06631523e-08
sigma+ 43 1 -1 +1.0 +0.5 1 277 3 -1 +1.0 +1.5 2 -2.97732727e-24 2.92835137e-08
sigma+ 1 1 1 +1.0 +0.5 1 139 3 1 +1.0 +1.5 2 -9.43252083e-24 2.92835029e-08
sigma+ 397 4 -1 +1.0 -2.5 1 405 4 -1 +1.0 -1.5 2 -1.20041444e-24 2.70121808e-08
sigma+ 325 4 1 +1.0 -2.5 1 333 4 1 +1.0 -1.5 2 2.70121754e-08 -2.81618153e-24
sigma+ 340 4 -1 +3.0 +1.5 1 190 3 -1 +3.0 +2.5 3 2.68689601e-08 0.00000000e+00
sigma+ 236 4 1 +3.0 +1.5 1 66 3 1 +3.0 +2.5 3 2.68689362e-08 0.00000000e+00
sigma+ 379 4 -1 +2.0 -2.5 1 387 4 -1 +2.0 -1.5 2 -5.87891699e-26 -2.67004632e-08
sigma+ 307 4 1 +2.0 -2.5 1 315 4 1 +2.0 -1.5 2 -2.29496116e-22 -2.67004570e-08
sigma+ 334 4 1 +1.0 -2.5 2 36 2 1 +1.0 -1.5 1 -1.13591653e-23 2.62965585e-08
sigma+ 406 4 -1 +1.0 -2.5 2 104 2 -1 +1.0 -1.5 1 2.62965009e-08 1.13969321e-23
sigma+ 425 4 -1 +0.0 -0.5 2 129 2 -1 +0.0 +0.5 4 -2.60941793e-08 0.00000000e+00
sigma+ 442 4 -1 +0.0 +1.5 4 111 2 -1 +0.0 +2.5 1 2.38178164e-08 0.00000000e+00
sigma+ 427 4 -1 +0.0 -2.5 2 435 4 -1 +0.0 -1.5 3 -2.38170477e-08 0.00000000e+00
sigma+ 52 3 1 +3.0 +0.5 1 75 3 1 +3.0 +1.5 4 2.35214878e-08 0.00000000e+00
sigma+ 176 3 -1 +3.0 +0.5 1 199 3 -1 +3.0 +1.5 4 -2.35214814e-08 0.00000000e+00
sigma+ 36 2 1 +1.0 -1.5 1 2 1 1 +1.0 -0.5 1 -2.20646281e-08 8.41989245e-24
sigma+ 104 2 -1 +1.0 -1.5 1 44 1 -1 +1.0 -0.5 1 2.20645899e-08 -8.41989236e-24
sigma+ 388 4 -1 +2.0 -2.5 2 80 2 -1 +2.0 -1.5 1 8.48250115e-24 1.99999150e-08
sigma+ 316 4 1 +2.0 -2.5 2 22 2 1 +2.0 -1.5 1 1.29457028e-24 -1.99998956e-08
sigma+ 186 3 -1 +3.0 -0.5 2 361 4 -1 +3.0 +0.5 3 -1.96334531e-08 0.00000000e+00
sigma+ 62 3 1 +3.0 -0.5 2 257 4 1 +3.0 +0.5 3 1.96334339e-08 0.00000000e+00
sigma+ 150 3 1 +0.0 -1.5 1 17 1 1 +0.0 -0.5 3 1.93200563e-08 0.00000000e+00
sigma+ 148 3 1 +0.0 +0.5 1 171 3 1 +0.0 +1.5 4 -1.88897852e-08 0.00000000e+00
sigma+ 262 4 1 +3.0 -2.5 4 54 3 1 +3.0 -1.5 1 1.75074404e-08 0.00000000e+00
sigma+ 366 4 -1 +3.0 -2.5 4 178 3 -1 +3.0 -1.5 1 1.75074363e-08 0.00000000e+00
sigma+ 416 4 -1 +0.0 -2.5 1 439 4 -1 +0.0 -1.5 4 -1.56840623e-08 0.00000000e+00
sigma+ 240 4 1 +3.0 -2.5 1 263 4 1 +3.0 -1.5 4 -1.53732373e-08 0.00000000e+00
sigma+ 344 4 -1 +3.0 -2.5 1 367 4 -1 +3.0 -1.5 4 -1.53732265e-08 0.00000000e+00
sigma+ 17 1 1 +0.0 -0.5 3 148 3 1 +0.0 +0.5 1 -1.50676508e-08 0.00000000e+00
sigma+ 114 2 -1 +0.0 -0.5 1 433 4 -1 +0.0 +0.5 3 1.50450397e-08 0.00000000e+00
sigma+ 434 4 -1 +0.0 -0.5 3 113 2 -1 +0.0 +0.5 1 1.48410494e-08 0.00000000e+00
sigma+ 417 4 -1 +0.0 -3.5 1 438 4 -1 +0.0 -2.5 4 -1.46404123e-08 0.00000000e+00
sigma+ 280 3 -1 +1.0 -0.5 2 46 1 -1 +1.0 -0.5 2 -1.44864477e-08 1.03219644e-26
sigma+ 345 4 -1 +3.0 -3.5 1 366 4 -1 +3.0 -2.5 4 1.43450560e-08 0.00000000e+00
sigma+ 241 4 1 +3.0 -3.5 1 262 4 1 +3.0 -2.5 4 -1.43450431e-08 0.00000000e+00
sigma+ 415 4 -1 +0.0 -1.5 1 440 4 -1 +0.0 -0.5 4 1.32759428e-08 0.00000000e+00
sigma+ 343 4 -1 +3.0 -1.5 1 368 4 -1 +3.0 -0.5 4 -1.30164879e-08 0.00000000e+00
sigma+ 239 4 1 +3.0 -1.5 1 264 4 1 +3.0 -0.5 4 -1.30164705e-08 0.00000000e+00
sigma+ 378 4 -1 +2.0 -1.5 1 386 4 -1 +2.0 -0.5 2 1.25529016e-08 1.05530964e-24
sigma+ 306 4 1 +2.0 -1.5 1 314 4 1 +2.0 -0.5 2 1.25528929e-08 -4.07955238e-21
sigma+ 415 4 -1 +0.0 -1.5 1 126 2 -1 +0.0 -0.5 3 1.24971915e-08 0.00000000e+00
sigma+ 125 2 -1 +0.0 +0.5 3 412 4 -1 +0.0 +1.5 1 -1.11029184e-08 0.00000000e+00
sigma+ 278 3 -1 +1.0 -2.5 2 280 3 -1 +1.0 -0.5 2 -1.05259118e-08 -8.65253025e-28
sigma+ 126 2 -1 +0.0 -0.5 3 413 4 -1 +0.0 +0.5 1 -1.03675084e-08 0.00000000e+00
sigma+ 441 4 -1 +0.0 +0.5 4 412 4 -1 +0.0 +1.5 1 -1.02784268e-08 0.00000000e+00
sigma+ 265 4 1 +3.0 +0.5 4 236 4 1 +3.0 +1.5 1 -1.00901301e-08 0.00000000e+00
sigma+ 369 4 -1 +3.0 +0.5 4 340 4 -1 +3.0 +1.5 1 -1.00901283e-08 0.00000000e+00
sigma+ 416 4 -1 +0.0 -2.5 1 127 2 -1 +0.0 -1.5 3 1.00289875e-08 0.00000000e+00
sigma+ 440 4 -1 +0.0 -0.5 4 413 4 -1 +0.0 +0.5 1 -9.99777675e-09 0.00000000e+00
sigma+ 368 4 -1 +3.0 -0.5 4 341 4 -1 +3.0 +0.5 1 9.81411483e-09 0.00000000e+00
sigma+ 264 4 1 +3.0 -0.5 4 237 4 1 +3.0 +0.5 1 9.81410999e-09 0.00000000e+00
sigma+ 106 2 -1 +1.0 -1.5 2 281 3 -1 +1.0 -1.5 2 -9.78638749e-09 4.92303092e-26
sigma+ 303 4 1 +2.0 +1.5 1 302 4 1 +2.0 +2.5 1 9.77517535e-09 2.11507342e-21
sigma+ 375 4 -1 +2.0 +1.5 1 374 4 -1 +2.0 +2.5 1 -7.93953602e-22 -9.77517520e-09
sigma+ 281 3 -1 +1.0 -1.5 2 47 1 -1 +1.0 +0.5 2 -5.02021517e-26 9.67368279e-09
sigma+ 414 4 -1 +0.0 -0.5 1 441 4 -1 +0.0 +0.5 4 -9.63930314e-09 0.00000000e+00
sigma+ 414 4 -1 +0.0 -0.5 1 125 2 -1 +0.0 +0.5 3 -9.53876620e-09 0.00000000e+00
sigma+ 281 3 -1 +1.0 -1.5 2 108 2 -1 +1.0 +0.5 2 4.81977104e-26 -9.49916399e-09
sigma+ 342 4 -1 +3.0 -0.5 1 369 4 -1 +3.0 +0.5 4 -9.45311434e-09 0.00000000e+00
sigma+ 238 4 1 +3.0 -0.5 1 265 4 1 +3.0 +0.5 4 -9.45308853e-09 0.00000000e+00
sigma+ 362 4 -1 +3.0 -0.5 3 185 3 -1 +3.0 +0.5 2 -9.42592025e-09 0.00000000e+00
sigma+ 258 4 1 +3.0 -0.5 3 61 3 1 +3.0 +0.5 2 -9.42586462e-09 0.00000000e+00
sigma+ 344 4 -1 +3.0 -2.5 1 196 3 -1 +3.0 -1.5 4 9.14444783e-09 0.00000000e+00
sigma+ 240 4 1 +3.0 -2.5 1 72 3 1 +3.0 -1.5 4 -9.14443384e-09 0.00000000e+00
sigma+ 442 4 -1 +0.0 +1.5 4 411 4 -1 +0.0 +2.5 1 -9.02221112e-09 0.00000000e+00
sigma+ 266 4 1 +3.0 +1.5 4 235 4 1 +3.0 +2.5 1 8.85744727e-09 0.00000000e+00
sigma+ 370 4 -1 +3.0 +1.5 4 339 4 -1 +3.0 +2.5 1 -8.85744306e-09 0.00000000e+00
sigma+ 439 4 -1 +0.0 -1.5 4 414 4 -1 +0.0 -0.5 1 -8.24221274e-09 0.00000000e+00
sigma+ 142 3 1 +1.0 -0.5 2 4 1 1 +1.0 -0.5 2 2.23549068e-26 8.11579539e-09
sigma+ 263 4 1 +3.0 -1.5 4 238 4 1 +3.0 -0.5 1 -8.09046631e-09 0.00000000e+00
sigma+ 367 4 -1 +3.0 -1.5 4 342 4 -1 +3.0 -0.5 1 -8.09045696e-09 0.00000000e+00
sigma+ 124 2 -1 +0.0 +1.5 3 411 4 -1 +0.0 +2.5 1 7.91001233e-09 0.00000000e+00
sigma+ 280 3 -1 +1.0 -0.5 2 404 4 -1 +1.0 -0.5 2 7.74851536e-09 5.60200756e-30
sigma+ 239 4 1 +3.0 -1.5 1 73 3 1 +3.0 -0.5 4 -7.33659892e-09 0.00000000e+00
sigma+ 343 4 -1 +3.0 -1.5 1 197 3 -1 +3.0 -0.5 4 7.33658652e-09 0.00000000e+00
sigma+ 281 3 -1 +1.0 -1.5 2 403 4 -1 +1.0 +0.5 2 -6.83300731e-09 -2.65262012e-26
sigma+ 281 3 -1 +1.0 -1.5 2 281 3 -1 +1.0 -1.5 2 -6.31004250e-09 1.07530258e-26
sigma+ 280 3 -1 +1.0 -0.5 2 280 3 -1 +1.0 -0.5 2 6.31003999e-09 -1.07530071e-26
sigma+ 443 4 -1 +0.0 +2.5 4 410 4 -1 +0.0 +3.5 1 6.18584011e-09 0.00000000e+00
sigma+ 311 4 1 +2.0 +2.5 2 301 4 1 +2.0 +3.5 1 6.16567895e-09 -2.82587125e-25
sigma+ 383 4 -1 +2.0 +2.5 2 373 4 -1 +2.0 +3.5 1 6.16567879e-09 1.42948734e-21
sigma+ 267 4 1 +3.0 +2.5 4 234 4 1 +3.0 +3.5 1 6.07327481e-09 0.00000000e+00
sigma+ 371 4 -1 +3.0 +2.5 4 338 4 -1 +3.0 +3.5 1 -6.07326946e-09 0.00000000e+00
sigma+ 45 1 -1 +1.0 -1.5 1 281 3 -1 +1.0 -1.5 2 -6.06996227e-09 4.50762115e-26
sigma+ 281 3 -1 +1.0 -1.5 2 43 1 -1 +1.0 +0.5 1 3.57707472e-27 5.97756442e-09
sigma+ 197 3 -1 +3.0 -0.5 4 341 4 -1 +3.0 +0.5 1 -5.95250475e-09 0.00000000e+00
sigma+ 73 3 1 +3.0 -0.5 4 237 4 1 +3.0 +0.5 1 5.95250153e-09 0.00000000e+00
sigma+ 413 4 -1 +0.0 +0.5 1 442 4 -1 +0.0 +1.5 4 5.92424265e-09 0.00000000e+00
sigma+ 140 3 1 +1.0 -2.5 2 142 3 1 +1.0 -0.5 2 -6.86938016e-27 5.89696982e-09
sigma+ 127 2 -1 +0.0 -1.5 3 414 4 -1 +0.0 -0.5 1 5.87933468e-09 0.00000000e+00
sigma+ 237 4 1 +3.0 +0.5 1 266 4 1 +3.0 +1.5 4 -5.81101743e-09 0.00000000e+00
sigma+ 341 4 -1 +3.0 +0.5 1 370 4 -1 +3.0 +1.5 4 5.81101201e-09 0.00000000e+00
sigma+ 105 2 -1 +1.0 -2.5 1 280 3 -1 +1.0 -0.5 2 5.70339719e-09 -1.07937437e-27
sigma+ 38 2 1 +1.0 -1.5 2 143 3 1 +1.0 -1.5 2 5.48266828e-09 2.17619221e-15
sigma+ 143 3 1 +1.0 -1.5 2 5 1 1 +1.0 +0.5 2 -1.43739187e-26 5.41952259e-09
sigma+ 143 3 1 +1.0 -1.5 2 40 2 1 +1.0 +0.5 2 9.69248792e-22 -5.32175141e-09
sigma+ 72 3 1 +3.0 -1.5 4 238 4 1 +3.0 -0.5 1 -5.21030249e-09 0.00000000e+00
sigma+ 196 3 -1 +3.0 -1.5 4 342 4 -1 +3.0 -0.5 1 5.21026144e-09 0.00000000e+00
sigma+ 438 4 -1 +0.0 -2.5 4 415 4 -1 +0.0 -1.5 1 5.17359792e-09 0.00000000e+00
sigma+ 262 4 1 +3.0 -2.5 4 239 4 1 +3.0 -1.5 1 5.07807389e-09 0.00000000e+00
sigma+ 366 4 -1 +3.0 -2.5 4 343 4 -1 +3.0 -1.5 1 5.07806222e-09 0.00000000e+00
sigma+ 74 3 1 +3.0 +0.5 4 236 4 1 +3.0 +1.5 1 5.03473263e-09 0.00000000e+00
sigma+ 198 3 -1 +3.0 +0.5 4 340 4 -1 +3.0 +1.5 1 -5.03471392e-09 0.00000000e+00
sigma+ 422 4 -1 +0.0 +2.5 2 410 4 -1 +0.0 +3.5 1 -5.01785587e-09 0.00000000e+00
sigma+ 413 4 -1 +0.0 +0.5 1 124 2 -1 +0.0 +1.5 3 -4.79382337e-09 0.00000000e+00
sigma+ 342 4 -1 +3.0 -0.5 1 198 3 -1 +3.0 +0.5 4 -4.40636991e-09 0.00000000e+00
sigma+ 238 4 1 +3.0 -0.5 1 74 3 1 +3.0 +0.5 4 4.40631255e-09 0.00000000e+00
sigma+ 142 3 1 +1.0 -0.5 2 332 4 1 +1.0 -0.5 2 4.34016555e-09 -3.17359351e-26
sigma+ 405 4 -1 +1.0 -1.5 2 281 3 -1 +1.0 -1.5 2 -2.59142368e-26 -4.10696381e-09
sigma+ 143 3 1 +1.0 -1.5 2 331 4 1 +1.0 +0.5 2 -3.54914357e-26 3.82715878e-09
sigma+ 280 3 -1 +1.0 -0.5 2 272 3 -1 +1.0 -0.5 1 3.70675932e-09 1.04316803e-26
sigma+ 143 3 1 +1.0 -1.5 2 143 3 1 +1.0 -1.5 2 -1.31684868e-18 -3.53511587e-09
sigma+ 142 3 1 +1.0 -0.5 2 142 3 1 +1.0 -0.5 2 -2.83491032e-13 3.53511462e-09
sigma+ 3 1 1 +1.0 -1.5 1 143 3 1 +1.0 -1.5 2 -3.40059737e-09 1.56467105e-27
sigma+ 280 3 -1 +1.0 -0.5 2 107 2 -1 +1.0 -0.5 2 -1.31684637e-42 -3.36239653e-09
sigma+ 143 3 1 +1.0 -1.5 2 1 1 1 +1.0 +0.5 1 2.94375220e-26 -3.34883209e-09
sigma+ 280 3 -1 +1.0 -0.5 2 44 1 -1 +1.0 -0.5 1 -3.34558761e-09 -9.59840400e-27
sigma+ 280 3 -1 +1.0 -0.5 2 103 2 -1 +1.0 -0.5 1 -1.37432603e-42 3.22176802e-09
sigma+ 37 2 1 +1.0 -2.5 1 142 3 1 +1.0 -0.5 2 1.07428721e-14 -3.19521106e-09
sigma+ 281 3 -1 +1.0 -1.5 2 271 3 -1 +1.0 +0.5 1 -2.44805504e-26 3.18321700e-09
sigma+ 199 3 -1 +3.0 +1.5 4 339 4 -1 +3.0 +2.5 1 -3.08618373e-09 0.00000000e+00
sigma+ 75 3 1 +3.0 +1.5 4 235 4 1 +3.0 +2.5 1 -3.08616807e-09 0.00000000e+00
sigma+ 104 2 -1 +1.0 -1.5 1 281 3 -1 +1.0 -1.5 2 2.99639901e-09 -7.59764320e-26
sigma+ 412 4 -1 +0.0 +1.5 1 443 4 -1 +0.0 +2.5 4 -2.75071119e-09 0.00000000e+00
sigma+ 236 4 1 +3.0 +1.5 1 267 4 1 +3.0 +2.5 4 -2.69862053e-09 0.00000000e+00
sigma+ 340 4 -1 +3.0 +1.5 1 371 4 -1 +3.0 +2.5 4 2.69861625e-09 0.00000000e+00
sigma+ 397 4 -1 +1.0 -2.5 1 280 3 -1 +1.0 -0.5 2 -2.51162407e-09 -7.95097213e-24
sigma+ 396 4 -1 +1.0 -1.5 1 281 3 -1 +1.0 -1.5 2 2.23586709e-26 2.30925408e-09
sigma+ 333 4 1 +1.0 -1.5 2 143 3 1 +1.0 -1.5 2 -1.11769995e-26 -2.30085937e-09
sigma+ 142 3 1 +1.0 -0.5 2 134 3 1 +1.0 -0.5 1 5.64701659e-14 -2.07665115e-09
sigma+ 341 4 -1 +3.0 +0.5 1 199 3 -1 +3.0 +1.5 4 1.89997813e-09 0.00000000e+00
sigma+ 237 4 1 +3.0 +0.5 1 75 3 1 +3.0 +1.5 4 1.89996149e-09 0.00000000e+00
sigma+ 142 3 1 +1.0 -0.5 2 39 2 1 +1.0 -0.5 2 -1.54427036e-26 -1.88372776e-09
sigma+ 142 3 1 +1.0 -0.5 2 2 1 1 +1.0 -0.5 1 -2.07878483e-26 1.87431038e-09
sigma+ 273 3 -1 +1.0 -1.5 1 281 3 -1 +1.0 -1.5 2 1.86596575e-09 1.42182829e-26
sigma+ 142 3 1 +1.0 -0.5 2 35 2 1 +1.0 -0.5 1 -1.47968294e-26 -1.80494290e-09
sigma+ 143 3 1 +1.0 -1.5 2 133 3 1 +1.0 +0.5 1 -1.78334522e-09 5.98377900e-14
sigma+ 415 4 -1 +0.0 -1.5 1 128 2 -1 +0.0 -0.5 4 1.77539420e-09 0.00000000e+00
sigma+ 36 2 1 +1.0 -1.5 1 143 3 1 +1.0 -1.5 2 -1.67862233e-09 2.75564796e-14
sigma+ 281 3 -1 +1.0 -1.5 2 394 4 -1 +1.0 +0.5 1 1.61929793e-09 -2.07682646e-26
sigma+ 128 2 -1 +0.0 -0.5 4 413 4 -1 +0.0 +0.5 1 -1.48429186e-09 0.00000000e+00
sigma+ 325 4 1 +1.0 -2.5 1 142 3 1 +1.0 -0.5 2 -1.40709632e-09 -4.94636732e-27
sigma+ 324 4 1 +1.0 -1.5 1 143 3 1 +1.0 -1.5 2 3.14117682e-27 1.29372202e-09
sigma+ 406 4 -1 +1.0 -2.5 2 280 3 -1 +1.0 -0.5 2 -1.21646820e-09 1.09876755e-24
sigma+ 280 3 -1 +1.0 -0.5 2 395 4 -1 +1.0 -0.5 1 -1.12958187e-09 -8.30625485e-31
sigma+ 135 3 1 +1.0 -1.5 1 143 3 1 +1.0 -1.5 2 -4.21805700e-22 -1.04537654e-09
sigma+ 143 3 1 +1.0 -1.5 2 322 4 1 +1.0 +0.5 1 -1.79703654e-26 9.07203436e-10
sigma+ 129 2 -1 +0.0 +0.5 4 412 4 -1 +0.0 +1.5 1 7.86447394e-10 0.00000000e+00
sigma+ 274 3 -1 +1.0 -2.5 1 280 3 -1 +1.0 -0.5 2 7.77535450e-10 1.76326515e-27
sigma+ 334 4 1 +1.0 -2.5 2 142 3 1 +1.0 -0.5 2 -6.81506344e-10 3.03966303e-27
sigma+ 414 4 -1 +0.0 -0.5 1 129 2 -1 +0.0 +0.5 4 6.68833151e-10 0.00000000e+00
sigma+ 142 3 1 +1.0 -0.5 2 323 4 1 +1.0 -0.5 1 6.32860548e-10 1.21767653e-26
sigma+ 281 3 -1 +1.0 -1.5 2 279 3 -1 +1.0 +0.5 2 4.19160771e-27 -5.45036639e-10
sigma+ 136 3 1 +1.0 -2.5 1 142 3 1 +1.0 -0.5 2 1.39988397e-26 -4.35601667e-10
sigma+ 143 3 1 +1.0 -1.5 2 141 3 1 +1.0 +0.5 2 -3.05348039e-10 3.31661542e-12
sigma+ 281 3 -1 +1.0 -1.5 2 102 2 -1 +1.0 +0.5 1 -3.11359712e-26 -2.63088893e-10
sigma+ 143 3 1 +1.0 -1.5 2 34 2 1 +1.0 +0.5 1 -4.38650677e-23 1.47390798e-10
